ROI,Effect,MeanEffect,StdEffect,StderrEffect,Expt,Network,Localizer_contrast,CriticalTask,ROI_name,Speak_and_type,Hemisphere
1,S,1.958228,1.391546,0.359296,E1,lang,S>N,langloc,IFGorb,0,LH
1,N,0.679835,1.046983,0.27033,E1,lang,S>N,langloc,IFGorb,0,LH
2,S,2.445931,1.429257,0.369033,E1,lang,S>N,langloc,IFG,0,LH
2,N,0.681553,0.712759,0.184034,E1,lang,S>N,langloc,IFG,0,LH
3,S,3.755213,2.169515,0.560166,E1,lang,S>N,langloc,MFG,0,LH
3,N,1.628562,1.250502,0.322878,E1,lang,S>N,langloc,MFG,0,LH
4,S,1.534841,1.136957,0.293561,E1,lang,S>N,langloc,AntTemp,0,LH
4,N,0.210639,0.900966,0.232628,E1,lang,S>N,langloc,AntTemp,0,LH
5,S,2.098604,0.951534,0.245685,E1,lang,S>N,langloc,PostTemp,0,LH
5,N,0.719733,0.704207,0.181825,E1,lang,S>N,langloc,PostTemp,0,LH
6,S,0.019953,0.452469,0.116827,E1,lang,S>N,langloc,AngG,0,LH
6,N,-0.478834,0.524223,0.135354,E1,lang,S>N,langloc,AngG,0,LH
7,S,1.102758,1.395574,0.360336,E1,lang,S>N,langloc,IFGorb,0,RH
7,N,0.654869,1.126272,0.290802,E1,lang,S>N,langloc,IFGorb,0,RH
8,S,1.675226,1.498672,0.386956,E1,lang,S>N,langloc,IFG,0,RH
8,N,0.933162,0.998828,0.257896,E1,lang,S>N,langloc,IFG,0,RH
9,S,1.739393,1.313839,0.339232,E1,lang,S>N,langloc,MFG,0,RH
9,N,1.337398,1.056903,0.272891,E1,lang,S>N,langloc,MFG,0,RH
10,S,1.06053,1.081475,0.279236,E1,lang,S>N,langloc,AntTemp,0,RH
10,N,0.173803,0.806686,0.208286,E1,lang,S>N,langloc,AntTemp,0,RH
11,S,0.980182,0.79595,0.205514,E1,lang,S>N,langloc,PostTemp,0,RH
11,N,0.457729,0.582781,0.150473,E1,lang,S>N,langloc,PostTemp,0,RH
12,S,0.069351,0.517122,0.13352,E1,lang,S>N,langloc,AngG,0,RH
12,N,-0.06151,0.425628,0.109897,E1,lang,S>N,langloc,AngG,0,RH
1,SProd,3.020639,1.411642,0.364484,E1,lang,S>N,ProdLoc_spoken,IFGorb,0,LH
1,WProd,2.101996,1.384034,0.357356,E1,lang,S>N,ProdLoc_spoken,IFGorb,0,LH
1,SComp,1.1192,1.268383,0.327495,E1,lang,S>N,ProdLoc_spoken,IFGorb,0,LH
1,WComp,1.176795,1.443982,0.372835,E1,lang,S>N,ProdLoc_spoken,IFGorb,0,LH
1,NProd,2.005343,1.955328,0.504863,E1,lang,S>N,ProdLoc_spoken,IFGorb,0,LH
1,VisEvSem,-0.394059,0.795413,0.205375,E1,lang,S>N,ProdLoc_spoken,IFGorb,0,LH
2,SProd,3.802892,1.71748,0.443451,E1,lang,S>N,ProdLoc_spoken,IFG,0,LH
2,WProd,2.964959,1.730246,0.446748,E1,lang,S>N,ProdLoc_spoken,IFG,0,LH
2,SComp,1.580675,1.358951,0.35088,E1,lang,S>N,ProdLoc_spoken,IFG,0,LH
2,WComp,1.471211,1.593378,0.411408,E1,lang,S>N,ProdLoc_spoken,IFG,0,LH
2,NProd,2.025039,2.074396,0.53560700000000006,E1,lang,S>N,ProdLoc_spoken,IFG,0,LH
2,VisEvSem,0.22789,1.336237,0.345015,E1,lang,S>N,ProdLoc_spoken,IFG,0,LH
3,SProd,5.263871,2.918652,0.753593,E1,lang,S>N,ProdLoc_spoken,MFG,0,LH
3,WProd,4.456087,3.023872,0.78076,E1,lang,S>N,ProdLoc_spoken,MFG,0,LH
3,SComp,2.142073,1.738297,0.448826,E1,lang,S>N,ProdLoc_spoken,MFG,0,LH
3,WComp,1.959044,1.567832,0.404813,E1,lang,S>N,ProdLoc_spoken,MFG,0,LH
3,NProd,3.915179,3.045146,0.786253,E1,lang,S>N,ProdLoc_spoken,MFG,0,LH
3,VisEvSem,0.164748,1.226851,0.316771,E1,lang,S>N,ProdLoc_spoken,MFG,0,LH
4,SProd,1.603643,0.771639,0.199236,E1,lang,S>N,ProdLoc_spoken,AntTemp,0,LH
4,WProd,0.909546,0.742964,0.191832,E1,lang,S>N,ProdLoc_spoken,AntTemp,0,LH
4,SComp,0.70079,0.757247,0.19552,E1,lang,S>N,ProdLoc_spoken,AntTemp,0,LH
4,WComp,0.435974,0.68369,0.176528,E1,lang,S>N,ProdLoc_spoken,AntTemp,0,LH
4,NProd,0.741844,0.690186,0.178205,E1,lang,S>N,ProdLoc_spoken,AntTemp,0,LH
4,VisEvSem,-0.267959,0.424321,0.109559,E1,lang,S>N,ProdLoc_spoken,AntTemp,0,LH
5,SProd,1.998279,0.860163,0.222093,E1,lang,S>N,ProdLoc_spoken,PostTemp,0,LH
5,WProd,1.251624,0.898905,0.232096,E1,lang,S>N,ProdLoc_spoken,PostTemp,0,LH
5,SComp,1.129851,0.624838,0.161332,E1,lang,S>N,ProdLoc_spoken,PostTemp,0,LH
5,WComp,0.852016,0.658265,0.169963,E1,lang,S>N,ProdLoc_spoken,PostTemp,0,LH
5,NProd,1.079481,0.891779,0.230256,E1,lang,S>N,ProdLoc_spoken,PostTemp,0,LH
5,VisEvSem,-0.298011,0.538679,0.139086,E1,lang,S>N,ProdLoc_spoken,PostTemp,0,LH
6,SProd,0.954905,0.876786,0.226385,E1,lang,S>N,ProdLoc_spoken,AngG,0,LH
6,WProd,-0.136402,1.090737,0.281627,E1,lang,S>N,ProdLoc_spoken,AngG,0,LH
6,SComp,0.412722,0.450486,0.116315,E1,lang,S>N,ProdLoc_spoken,AngG,0,LH
6,WComp,0.06614,0.541109,0.139714,E1,lang,S>N,ProdLoc_spoken,AngG,0,LH
6,NProd,-0.788516,0.997636,0.257589,E1,lang,S>N,ProdLoc_spoken,AngG,0,LH
6,VisEvSem,0.530982,0.756332,0.195284,E1,lang,S>N,ProdLoc_spoken,AngG,0,LH
7,SProd,0.961954,1.279833,0.330451,E1,lang,S>N,ProdLoc_spoken,IFGorb,0,RH
7,WProd,0.847144,1.282901,0.331244,E1,lang,S>N,ProdLoc_spoken,IFGorb,0,RH
7,SComp,0.360841,0.7888,0.203667,E1,lang,S>N,ProdLoc_spoken,IFGorb,0,RH
7,WComp,0.455486,0.805864,0.208073,E1,lang,S>N,ProdLoc_spoken,IFGorb,0,RH
7,NProd,0.65939,1.31001,0.338243,E1,lang,S>N,ProdLoc_spoken,IFGorb,0,RH
7,VisEvSem,-0.257138,0.636565,0.16436,E1,lang,S>N,ProdLoc_spoken,IFGorb,0,RH
8,SProd,1.85255,1.877325,0.484723,E1,lang,S>N,ProdLoc_spoken,IFG,0,RH
8,WProd,1.926782,1.717119,0.443358,E1,lang,S>N,ProdLoc_spoken,IFG,0,RH
8,SComp,0.657093,1.197681,0.30924,E1,lang,S>N,ProdLoc_spoken,IFG,0,RH
8,WComp,0.688997,1.075364,0.277658,E1,lang,S>N,ProdLoc_spoken,IFG,0,RH
8,NProd,1.565248,1.416097,0.365635,E1,lang,S>N,ProdLoc_spoken,IFG,0,RH
8,VisEvSem,0.273993,1.575023,0.406669,E1,lang,S>N,ProdLoc_spoken,IFG,0,RH
9,SProd,2.730939,1.629877,0.420832,E1,lang,S>N,ProdLoc_spoken,MFG,0,RH
9,WProd,3.368915,1.906441,0.492241,E1,lang,S>N,ProdLoc_spoken,MFG,0,RH
9,SComp,0.735562,0.841004,0.217146,E1,lang,S>N,ProdLoc_spoken,MFG,0,RH
9,WComp,1.003581,0.99242,0.256242,E1,lang,S>N,ProdLoc_spoken,MFG,0,RH
9,NProd,3.207463,2.148731,0.5548,E1,lang,S>N,ProdLoc_spoken,MFG,0,RH
9,VisEvSem,0.478555,1.226261,0.316619,E1,lang,S>N,ProdLoc_spoken,MFG,0,RH
10,SProd,1.728783,1.055813,0.27261,E1,lang,S>N,ProdLoc_spoken,AntTemp,0,RH
10,WProd,1.225683,0.720756,0.186098,E1,lang,S>N,ProdLoc_spoken,AntTemp,0,RH
10,SComp,0.37289,0.763699,0.197186,E1,lang,S>N,ProdLoc_spoken,AntTemp,0,RH
10,WComp,0.238977,0.636881,0.164442,E1,lang,S>N,ProdLoc_spoken,AntTemp,0,RH
10,NProd,1.113287,0.816152,0.21073,E1,lang,S>N,ProdLoc_spoken,AntTemp,0,RH
10,VisEvSem,-0.304318,0.537541,0.138792,E1,lang,S>N,ProdLoc_spoken,AntTemp,0,RH
11,SProd,1.196885,0.572577,0.147839,E1,lang,S>N,ProdLoc_spoken,PostTemp,0,RH
11,WProd,1.016022,0.81399,0.210171,E1,lang,S>N,ProdLoc_spoken,PostTemp,0,RH
11,SComp,0.45336,0.396613,0.102405,E1,lang,S>N,ProdLoc_spoken,PostTemp,0,RH
11,WComp,0.389771,0.443944,0.114626,E1,lang,S>N,ProdLoc_spoken,PostTemp,0,RH
11,NProd,0.846632,0.887886,0.229251,E1,lang,S>N,ProdLoc_spoken,PostTemp,0,RH
11,VisEvSem,0.067038,0.437814,0.113043,E1,lang,S>N,ProdLoc_spoken,PostTemp,0,RH
12,SProd,1.156382,0.908031,0.234453,E1,lang,S>N,ProdLoc_spoken,AngG,0,RH
12,WProd,1.078906,1.087816,0.280873,E1,lang,S>N,ProdLoc_spoken,AngG,0,RH
12,SComp,0.118732,0.482486,0.124577,E1,lang,S>N,ProdLoc_spoken,AngG,0,RH
12,WComp,0.23078,0.620291,0.160159,E1,lang,S>N,ProdLoc_spoken,AngG,0,RH
12,NProd,-0.094058,1.068297,0.275833,E1,lang,S>N,ProdLoc_spoken,AngG,0,RH
12,VisEvSem,0.919544,0.82952,0.214181,E1,lang,S>N,ProdLoc_spoken,AngG,0,RH
1,S,1.374531,0.781831,0.208953,E1,lang,S>N,langloc,IFGorb,1,LH
1,N,0.336617,0.561036,0.149943,E1,lang,S>N,langloc,IFGorb,1,LH
2,S,1.929226,1.38711,0.370721,E1,lang,S>N,langloc,IFG,1,LH
2,N,0.478515,0.686075,0.183361,E1,lang,S>N,langloc,IFG,1,LH
3,S,2.524272,1.636155,0.437281,E1,lang,S>N,langloc,MFG,1,LH
3,N,0.902371,1.022779,0.273349,E1,lang,S>N,langloc,MFG,1,LH
4,S,0.922072,0.424343,0.11341,E1,lang,S>N,langloc,AntTemp,1,LH
4,N,0.105418,0.278978,0.07456,E1,lang,S>N,langloc,AntTemp,1,LH
5,S,1.503071,0.84005,0.224513,E1,lang,S>N,langloc,PostTemp,1,LH
5,N,0.42301,0.413767,0.110584,E1,lang,S>N,langloc,PostTemp,1,LH
6,S,0.531697,0.577154,0.154251,E1,lang,S>N,langloc,AngG,1,LH
6,N,0.006596,0.341606,0.091298,E1,lang,S>N,langloc,AngG,1,LH
7,S,0.504481,0.735883,0.196673,E1,lang,S>N,langloc,IFGorb,1,RH
7,N,0.375874,0.591683,0.158134,E1,lang,S>N,langloc,IFGorb,1,RH
8,S,0.660072,0.740055,0.197788,E1,lang,S>N,langloc,IFG,1,RH
8,N,0.382992,0.557569,0.149016,E1,lang,S>N,langloc,IFG,1,RH
9,S,0.831671,0.717871,0.191859,E1,lang,S>N,langloc,MFG,1,RH
9,N,0.640253,0.659452,0.176246,E1,lang,S>N,langloc,MFG,1,RH
10,S,0.686304,0.928733,0.248214,E1,lang,S>N,langloc,AntTemp,1,RH
10,N,0.317209,0.796869,0.212972,E1,lang,S>N,langloc,AntTemp,1,RH
11,S,0.59785,0.582462,0.155669,E1,lang,S>N,langloc,PostTemp,1,RH
11,N,0.290185,0.391816,0.104717,E1,lang,S>N,langloc,PostTemp,1,RH
12,S,0.295307,0.477889,0.127721,E1,lang,S>N,langloc,AngG,1,RH
12,N,0.183218,0.392538,0.10491,E1,lang,S>N,langloc,AngG,1,RH
1,SProd,1.735589,1.79238,0.479034,E1,lang,S>N,ProdLoc_spoken,IFGorb,1,LH
1,WProd,1.241397,1.672648,0.447034,E1,lang,S>N,ProdLoc_spoken,IFGorb,1,LH
1,SComp,0.369625,0.787704,0.210523,E1,lang,S>N,ProdLoc_spoken,IFGorb,1,LH
1,WComp,0.029707,0.49356,0.13191,E1,lang,S>N,ProdLoc_spoken,IFGorb,1,LH
1,NProd,0.969022,1.583824,0.423295,E1,lang,S>N,ProdLoc_spoken,IFGorb,1,LH
1,VisEvSem,0.215584,0.860001,0.229845,E1,lang,S>N,ProdLoc_spoken,IFGorb,1,LH
2,SProd,1.962114,1.679954,0.448986,E1,lang,S>N,ProdLoc_spoken,IFG,1,LH
2,WProd,1.832133,1.5193,0.40605,E1,lang,S>N,ProdLoc_spoken,IFG,1,LH
2,SComp,0.582952,0.942469,0.251885,E1,lang,S>N,ProdLoc_spoken,IFG,1,LH
2,WComp,0.027474,1.005429,0.268712,E1,lang,S>N,ProdLoc_spoken,IFG,1,LH
2,NProd,0.96264,1.449837,0.387485,E1,lang,S>N,ProdLoc_spoken,IFG,1,LH
2,VisEvSem,0.551635,0.837203,0.223752,E1,lang,S>N,ProdLoc_spoken,IFG,1,LH
3,SProd,2.058973,1.532926,0.409692,E1,lang,S>N,ProdLoc_spoken,MFG,1,LH
3,WProd,1.847233,1.410182,0.376887,E1,lang,S>N,ProdLoc_spoken,MFG,1,LH
3,SComp,1.063501,0.808394,0.216052,E1,lang,S>N,ProdLoc_spoken,MFG,1,LH
3,WComp,0.517036,0.685832,0.183296,E1,lang,S>N,ProdLoc_spoken,MFG,1,LH
3,NProd,1.527096,1.442453,0.385512,E1,lang,S>N,ProdLoc_spoken,MFG,1,LH
3,VisEvSem,0.657825,0.817048,0.218365,E1,lang,S>N,ProdLoc_spoken,MFG,1,LH
4,SProd,0.485698,0.669756,0.179,E1,lang,S>N,ProdLoc_spoken,AntTemp,1,LH
4,WProd,0.2494,0.510679,0.136485,E1,lang,S>N,ProdLoc_spoken,AntTemp,1,LH
4,SComp,0.255075,0.438622,0.117227,E1,lang,S>N,ProdLoc_spoken,AntTemp,1,LH
4,WComp,0.025304,0.33011,0.088226,E1,lang,S>N,ProdLoc_spoken,AntTemp,1,LH
4,NProd,0.274493,0.583002,0.155814,E1,lang,S>N,ProdLoc_spoken,AntTemp,1,LH
4,VisEvSem,0.001086,0.413202,0.110433,E1,lang,S>N,ProdLoc_spoken,AntTemp,1,LH
5,SProd,0.907813,0.764063,0.204204,E1,lang,S>N,ProdLoc_spoken,PostTemp,1,LH
5,WProd,0.627765,0.534949,0.142971,E1,lang,S>N,ProdLoc_spoken,PostTemp,1,LH
5,SComp,0.601919,0.573161,0.153184,E1,lang,S>N,ProdLoc_spoken,PostTemp,1,LH
5,WComp,0.269728,0.343363,0.091768,E1,lang,S>N,ProdLoc_spoken,PostTemp,1,LH
5,NProd,0.437602,0.648813,0.173402,E1,lang,S>N,ProdLoc_spoken,PostTemp,1,LH
5,VisEvSem,0.191394,0.614528,0.16424,E1,lang,S>N,ProdLoc_spoken,PostTemp,1,LH
6,SProd,0.412435,0.979373,0.261748,E1,lang,S>N,ProdLoc_spoken,AngG,1,LH
6,WProd,-0.101906,0.733489,0.196033,E1,lang,S>N,ProdLoc_spoken,AngG,1,LH
6,SComp,0.180463,0.616298,0.164713,E1,lang,S>N,ProdLoc_spoken,AngG,1,LH
6,WComp,-0.186029,0.568775,0.152011,E1,lang,S>N,ProdLoc_spoken,AngG,1,LH
6,NProd,-0.540577,0.852136,0.227743,E1,lang,S>N,ProdLoc_spoken,AngG,1,LH
6,VisEvSem,0.161715,0.706816,0.188904,E1,lang,S>N,ProdLoc_spoken,AngG,1,LH
7,SProd,0.385547,0.747075,0.199664,E1,lang,S>N,ProdLoc_spoken,IFGorb,1,RH
7,WProd,0.204121,0.812748,0.217216,E1,lang,S>N,ProdLoc_spoken,IFGorb,1,RH
7,SComp,-0.132085,0.481244,0.128618,E1,lang,S>N,ProdLoc_spoken,IFGorb,1,RH
7,WComp,-0.062042,0.423153,0.113092,E1,lang,S>N,ProdLoc_spoken,IFGorb,1,RH
7,NProd,0.434615,0.878969,0.234914,E1,lang,S>N,ProdLoc_spoken,IFGorb,1,RH
7,VisEvSem,-0.074099,0.558578,0.149286,E1,lang,S>N,ProdLoc_spoken,IFGorb,1,RH
8,SProd,0.308055,0.823583,0.220112,E1,lang,S>N,ProdLoc_spoken,IFG,1,RH
8,WProd,0.191652,0.971373,0.25961,E1,lang,S>N,ProdLoc_spoken,IFG,1,RH
8,SComp,0.108408,0.618652,0.165342,E1,lang,S>N,ProdLoc_spoken,IFG,1,RH
8,WComp,-0.093388,0.643774,0.172056,E1,lang,S>N,ProdLoc_spoken,IFG,1,RH
8,NProd,0.330704,1.070894,0.286209,E1,lang,S>N,ProdLoc_spoken,IFG,1,RH
8,VisEvSem,0.13833,0.744802,0.199057,E1,lang,S>N,ProdLoc_spoken,IFG,1,RH
9,SProd,0.654568,0.751458,0.200836,E1,lang,S>N,ProdLoc_spoken,MFG,1,RH
9,WProd,0.747829,0.687978,0.18387,E1,lang,S>N,ProdLoc_spoken,MFG,1,RH
9,SComp,0.005772,0.339945,0.090854,E1,lang,S>N,ProdLoc_spoken,MFG,1,RH
9,WComp,0.120254,0.350198,0.093594,E1,lang,S>N,ProdLoc_spoken,MFG,1,RH
9,NProd,0.933695,0.691165,0.184722,E1,lang,S>N,ProdLoc_spoken,MFG,1,RH
9,VisEvSem,0.192993,0.445553,0.119079,E1,lang,S>N,ProdLoc_spoken,MFG,1,RH
10,SProd,0.585774,0.612281,0.163639,E1,lang,S>N,ProdLoc_spoken,AntTemp,1,RH
10,WProd,0.387892,0.477614,0.127648,E1,lang,S>N,ProdLoc_spoken,AntTemp,1,RH
10,SComp,0.108919,0.552098,0.147554,E1,lang,S>N,ProdLoc_spoken,AntTemp,1,RH
10,WComp,0.084042,0.694073,0.185499,E1,lang,S>N,ProdLoc_spoken,AntTemp,1,RH
10,NProd,0.709554,0.947171,0.253142,E1,lang,S>N,ProdLoc_spoken,AntTemp,1,RH
10,VisEvSem,7.36e-4,0.702476,0.187745,E1,lang,S>N,ProdLoc_spoken,AntTemp,1,RH
11,SProd,0.344032,0.7507,0.200633,E1,lang,S>N,ProdLoc_spoken,PostTemp,1,RH
11,WProd,0.182147,0.779523,0.208336,E1,lang,S>N,ProdLoc_spoken,PostTemp,1,RH
11,SComp,0.094529,0.219333,0.058619,E1,lang,S>N,ProdLoc_spoken,PostTemp,1,RH
11,WComp,0.05647,0.274449,0.073349,E1,lang,S>N,ProdLoc_spoken,PostTemp,1,RH
11,NProd,0.401778,0.528049,0.141127,E1,lang,S>N,ProdLoc_spoken,PostTemp,1,RH
11,VisEvSem,-0.017596,0.500138,0.133667,E1,lang,S>N,ProdLoc_spoken,PostTemp,1,RH
12,SProd,0.011262,1.295461,0.346226,E1,lang,S>N,ProdLoc_spoken,AngG,1,RH
12,WProd,-0.143404,1.493404,0.399129,E1,lang,S>N,ProdLoc_spoken,AngG,1,RH
12,SComp,0.064369,0.509958,0.136292,E1,lang,S>N,ProdLoc_spoken,AngG,1,RH
12,WComp,-0.120618,0.603128,0.161193,E1,lang,S>N,ProdLoc_spoken,AngG,1,RH
12,NProd,-0.355265,1.142996,0.305478,E1,lang,S>N,ProdLoc_spoken,AngG,1,RH
12,VisEvSem,0.308657,0.789772,0.211075,E1,lang,S>N,ProdLoc_spoken,AngG,1,RH
1,SProd,1.28407,1.614259,0.431429,E3,lang,S>N,ProdLoc_typed,IFGorb,1,LH
1,WProd,0.264468,1.59065,0.425119,E3,lang,S>N,ProdLoc_typed,IFGorb,1,LH
1,SComp,0.602333,0.864601,0.231074,E3,lang,S>N,ProdLoc_typed,IFGorb,1,LH
1,WComp,0.429342,0.956923,0.255748,E3,lang,S>N,ProdLoc_typed,IFGorb,1,LH
1,NProd,0.308904,1.556411,0.415968,E3,lang,S>N,ProdLoc_typed,IFGorb,1,LH
1,VisEvSem,0.435509,1.364887,0.364781,E3,lang,S>N,ProdLoc_typed,IFGorb,1,LH
2,SProd,1.431415,1.531181,0.409225,E3,lang,S>N,ProdLoc_typed,IFG,1,LH
2,WProd,0.691212,1.828767,0.488758,E3,lang,S>N,ProdLoc_typed,IFG,1,LH
2,SComp,0.642023,1.012258,0.270537,E3,lang,S>N,ProdLoc_typed,IFG,1,LH
2,WComp,0.431577,1.077801,0.288054,E3,lang,S>N,ProdLoc_typed,IFG,1,LH
2,NProd,0.740799,2.039706,0.545134,E3,lang,S>N,ProdLoc_typed,IFG,1,LH
2,VisEvSem,0.569531,1.822738,0.487147,E3,lang,S>N,ProdLoc_typed,IFG,1,LH
3,SProd,1.203821,1.526909,0.408084,E3,lang,S>N,ProdLoc_typed,MFG,1,LH
3,WProd,0.472241,1.366502,0.365213,E3,lang,S>N,ProdLoc_typed,MFG,1,LH
3,SComp,0.942098,0.843765,0.225506,E3,lang,S>N,ProdLoc_typed,MFG,1,LH
3,WComp,0.658472,1.051622,0.281058,E3,lang,S>N,ProdLoc_typed,MFG,1,LH
3,NProd,0.430694,1.498806,0.400573,E3,lang,S>N,ProdLoc_typed,MFG,1,LH
3,VisEvSem,0.418853,0.926,0.247484,E3,lang,S>N,ProdLoc_typed,MFG,1,LH
4,SProd,0.228654,0.598662,0.159999,E3,lang,S>N,ProdLoc_typed,AntTemp,1,LH
4,WProd,-0.331105,0.467911,0.125054,E3,lang,S>N,ProdLoc_typed,AntTemp,1,LH
4,SComp,0.154496,0.407567,0.108927,E3,lang,S>N,ProdLoc_typed,AntTemp,1,LH
4,WComp,-8.41e-4,0.421407,0.112626,E3,lang,S>N,ProdLoc_typed,AntTemp,1,LH
4,NProd,-0.083185,0.555193,0.14838200000000001,E3,lang,S>N,ProdLoc_typed,AntTemp,1,LH
4,VisEvSem,0.134833,0.389083,0.103987,E3,lang,S>N,ProdLoc_typed,AntTemp,1,LH
5,SProd,0.613808,0.805802,0.21536,E3,lang,S>N,ProdLoc_typed,PostTemp,1,LH
5,WProd,-0.09435,0.694498,0.185612,E3,lang,S>N,ProdLoc_typed,PostTemp,1,LH
5,SComp,0.58389,0.639069,0.170798,E3,lang,S>N,ProdLoc_typed,PostTemp,1,LH
5,WComp,0.292497,0.694491,0.18561,E3,lang,S>N,ProdLoc_typed,PostTemp,1,LH
5,NProd,0.038869,0.652122,0.174287,E3,lang,S>N,ProdLoc_typed,PostTemp,1,LH
5,VisEvSem,0.127022,0.411713,0.110035,E3,lang,S>N,ProdLoc_typed,PostTemp,1,LH
6,SProd,0.00902,0.868666,0.232161,E3,lang,S>N,ProdLoc_typed,AngG,1,LH
6,WProd,-0.623546,0.818066,0.218637,E3,lang,S>N,ProdLoc_typed,AngG,1,LH
6,SComp,0.14471,0.492068,0.131511,E3,lang,S>N,ProdLoc_typed,AngG,1,LH
6,WComp,-0.078224,0.568295,0.151883,E3,lang,S>N,ProdLoc_typed,AngG,1,LH
6,NProd,-0.484919,0.762483,0.203782,E3,lang,S>N,ProdLoc_typed,AngG,1,LH
6,VisEvSem,0.025952,0.798286,0.213351,E3,lang,S>N,ProdLoc_typed,AngG,1,LH
7,SProd,0.332965,0.662891,0.177165,E3,lang,S>N,ProdLoc_typed,IFGorb,1,RH
7,WProd,-0.100481,0.7744,0.206967,E3,lang,S>N,ProdLoc_typed,IFGorb,1,RH
7,SComp,-0.045828,0.633982,0.169439,E3,lang,S>N,ProdLoc_typed,IFGorb,1,RH
7,WComp,-0.038329,0.488424,0.130537,E3,lang,S>N,ProdLoc_typed,IFGorb,1,RH
7,NProd,0.041862,0.724775,0.193704,E3,lang,S>N,ProdLoc_typed,IFGorb,1,RH
7,VisEvSem,0.386919,0.604719,0.161618,E3,lang,S>N,ProdLoc_typed,IFGorb,1,RH
8,SProd,0.352607,0.741508,0.198176,E3,lang,S>N,ProdLoc_typed,IFG,1,RH
8,WProd,-0.137738,1.035963,0.276873,E3,lang,S>N,ProdLoc_typed,IFG,1,RH
8,SComp,0.070678,0.802481,0.214472,E3,lang,S>N,ProdLoc_typed,IFG,1,RH
8,WComp,0.265378,0.573919,0.153386,E3,lang,S>N,ProdLoc_typed,IFG,1,RH
8,NProd,0.087192,1.306091,0.349067,E3,lang,S>N,ProdLoc_typed,IFG,1,RH
8,VisEvSem,0.711584,0.668191,0.178581,E3,lang,S>N,ProdLoc_typed,IFG,1,RH
9,SProd,0.459231,0.616259,0.164702,E3,lang,S>N,ProdLoc_typed,MFG,1,RH
9,WProd,0.48696,0.905508,0.242007,E3,lang,S>N,ProdLoc_typed,MFG,1,RH
9,SComp,0.109953,0.452052,0.120816,E3,lang,S>N,ProdLoc_typed,MFG,1,RH
9,WComp,0.416223,0.505022,0.134973,E3,lang,S>N,ProdLoc_typed,MFG,1,RH
9,NProd,0.655366,0.912671,0.243922,E3,lang,S>N,ProdLoc_typed,MFG,1,RH
9,VisEvSem,0.709852,0.676704,0.180857,E3,lang,S>N,ProdLoc_typed,MFG,1,RH
10,SProd,0.304679,0.68356,0.182689,E3,lang,S>N,ProdLoc_typed,AntTemp,1,RH
10,WProd,-0.03019,0.77724,0.207726,E3,lang,S>N,ProdLoc_typed,AntTemp,1,RH
10,SComp,0.20948,0.467028,0.124818,E3,lang,S>N,ProdLoc_typed,AntTemp,1,RH
10,WComp,0.148763,0.397452,0.106223,E3,lang,S>N,ProdLoc_typed,AntTemp,1,RH
10,NProd,0.14509,0.727468,0.194424,E3,lang,S>N,ProdLoc_typed,AntTemp,1,RH
10,VisEvSem,0.260554,0.392233,0.104829,E3,lang,S>N,ProdLoc_typed,AntTemp,1,RH
11,SProd,0.245758,0.571737,0.152803,E3,lang,S>N,ProdLoc_typed,PostTemp,1,RH
11,WProd,0.01504,0.659748,0.176325,E3,lang,S>N,ProdLoc_typed,PostTemp,1,RH
11,SComp,0.218265,0.499167,0.133408,E3,lang,S>N,ProdLoc_typed,PostTemp,1,RH
11,WComp,0.235177,0.345427,0.092319,E3,lang,S>N,ProdLoc_typed,PostTemp,1,RH
11,NProd,0.239621,0.599109,0.160119,E3,lang,S>N,ProdLoc_typed,PostTemp,1,RH
11,VisEvSem,0.158951,0.385051,0.102909,E3,lang,S>N,ProdLoc_typed,PostTemp,1,RH
12,SProd,0.179442,0.697067,0.186299,E3,lang,S>N,ProdLoc_typed,AngG,1,RH
12,WProd,-0.039779,0.873593,0.233478,E3,lang,S>N,ProdLoc_typed,AngG,1,RH
12,SComp,0.188454,0.375041,0.100234,E3,lang,S>N,ProdLoc_typed,AngG,1,RH
12,WComp,0.262388,0.504558,0.134849,E3,lang,S>N,ProdLoc_typed,AngG,1,RH
12,NProd,0.091304,0.779046,0.208209,E3,lang,S>N,ProdLoc_typed,AngG,1,RH
12,VisEvSem,0.602109,0.58119,0.15533,E3,lang,S>N,ProdLoc_typed,AngG,1,RH
1,S,1.12337,0.833188,0.240521,E2,lang,S>N,langloc,IFGorb,0,LH
1,N,0.056208,0.670226,0.193478,E2,lang,S>N,langloc,IFGorb,0,LH
2,S,1.774833,1.313138,0.37907,E2,lang,S>N,langloc,IFG,0,LH
2,N,0.458818,0.657528,0.189812,E2,lang,S>N,langloc,IFG,0,LH
3,S,1.968719,1.116719,0.322369,E2,lang,S>N,langloc,MFG,0,LH
3,N,0.500154,0.586947,0.169437,E2,lang,S>N,langloc,MFG,0,LH
4,S,1.155755,0.483146,0.139472,E2,lang,S>N,langloc,AntTemp,0,LH
4,N,-0.027371,0.227863,0.065778,E2,lang,S>N,langloc,AntTemp,0,LH
5,S,1.597635,0.556623,0.160683,E2,lang,S>N,langloc,PostTemp,0,LH
5,N,0.207355,0.443808,0.128116,E2,lang,S>N,langloc,PostTemp,0,LH
6,S,0.668168,0.669452,0.193254,E2,lang,S>N,langloc,AngG,0,LH
6,N,-0.717347,0.803758,0.232025,E2,lang,S>N,langloc,AngG,0,LH
7,S,0.172951,0.461115,0.133113,E2,lang,S>N,langloc,IFGorb,0,RH
7,N,-0.098243,0.388759,0.112225,E2,lang,S>N,langloc,IFGorb,0,RH
8,S,0.501163,0.844199,0.243699,E2,lang,S>N,langloc,IFG,0,RH
8,N,0.178883,0.459493,0.132644,E2,lang,S>N,langloc,IFG,0,RH
9,S,0.238564,1.130029,0.326211,E2,lang,S>N,langloc,MFG,0,RH
9,N,0.215653,0.653751,0.188722,E2,lang,S>N,langloc,MFG,0,RH
10,S,0.702237,0.515527,0.14882,E2,lang,S>N,langloc,AntTemp,0,RH
10,N,-0.064865,0.323859,0.09349,E2,lang,S>N,langloc,AntTemp,0,RH
11,S,0.599073,0.786086,0.226923,E2,lang,S>N,langloc,PostTemp,0,RH
11,N,0.060565,0.492651,0.142216,E2,lang,S>N,langloc,PostTemp,0,RH
12,S,-0.112346,1.07612,0.310649,E2,lang,S>N,langloc,AngG,0,RH
12,N,-0.370135,0.669354,0.193226,E2,lang,S>N,langloc,AngG,0,RH
1,WProd,0.593377,1.72812,0.498865,E2,lang,S>N,NameRead,IFGorb,0,LH
1,SProd,1.256975,1.447262,0.417788,E2,lang,S>N,NameRead,IFGorb,0,LH
2,WProd,1.44747,1.767055,0.510105,E2,lang,S>N,NameRead,IFG,0,LH
2,SProd,1.826523,1.422424,0.410618,E2,lang,S>N,NameRead,IFG,0,LH
3,WProd,1.658209,1.559081,0.450068,E2,lang,S>N,NameRead,MFG,0,LH
3,SProd,2.167141,1.326766,0.383004,E2,lang,S>N,NameRead,MFG,0,LH
4,WProd,0.453655,0.756115,0.218272,E2,lang,S>N,NameRead,AntTemp,0,LH
4,SProd,0.778588,0.705248,0.203587,E2,lang,S>N,NameRead,AntTemp,0,LH
5,WProd,0.435966,1.034581,0.298658,E2,lang,S>N,NameRead,PostTemp,0,LH
5,SProd,1.223863,0.958972,0.276831,E2,lang,S>N,NameRead,PostTemp,0,LH
6,WProd,0.155377,1.299017,0.374994,E2,lang,S>N,NameRead,AngG,0,LH
6,SProd,1.090104,1.492337,0.430801,E2,lang,S>N,NameRead,AngG,0,LH
7,WProd,0.50389,1.153354,0.332945,E2,lang,S>N,NameRead,IFGorb,0,RH
7,SProd,0.617921,1.040991,0.300508,E2,lang,S>N,NameRead,IFGorb,0,RH
8,WProd,0.412616,1.228751,0.35471,E2,lang,S>N,NameRead,IFG,0,RH
8,SProd,0.575917,1.369906,0.395458,E2,lang,S>N,NameRead,IFG,0,RH
9,WProd,1.361932,1.37334,0.396449,E2,lang,S>N,NameRead,MFG,0,RH
9,SProd,0.987123,1.207308,0.34852,E2,lang,S>N,NameRead,MFG,0,RH
10,WProd,0.767373,1.146492,0.330964,E2,lang,S>N,NameRead,AntTemp,0,RH
10,SProd,0.824944,1.017685,0.29378,E2,lang,S>N,NameRead,AntTemp,0,RH
11,WProd,-0.020652,0.764296,0.220633,E2,lang,S>N,NameRead,PostTemp,0,RH
11,SProd,0.389542,0.819869,0.236676,E2,lang,S>N,NameRead,PostTemp,0,RH
12,WProd,0.176135,1.771166,0.511292,E2,lang,S>N,NameRead,AngG,0,RH
12,SProd,0.788961,2.187847,0.631577,E2,lang,S>N,NameRead,AngG,0,RH
1,H,4.40021,1.716336,0.45871,E1,MD,H>E,spWM,PostParietal,0,LH
1,E,3.28972,1.210807,0.323602,E1,MD,H>E,spWM,PostParietal,0,LH
2,H,3.50913,2.364505,0.63194,E1,MD,H>E,spWM,midParietal,0,LH
2,E,2.318313,1.700506,0.454479,E1,MD,H>E,spWM,midParietal,0,LH
3,H,4.052109,1.931001,0.516082,E1,MD,H>E,spWM,antParietal,0,LH
3,E,2.912646,1.420898,0.379751,E1,MD,H>E,spWM,antParietal,0,LH
4,H,3.644279,1.488397,0.397791,E1,MD,H>E,spWM,supFrontal,0,LH
4,E,2.596195,1.08163,0.289078,E1,MD,H>E,spWM,supFrontal,0,LH
5,H,4.194204,2.208691,0.590298,E1,MD,H>E,spWM,Precentral_A_PrecG,0,LH
5,E,2.790965,1.651282,0.441324,E1,MD,H>E,spWM,Precentral_A_PrecG,0,LH
6,H,3.321568,1.877537,0.501793,E1,MD,H>E,spWM,Precentral_B_IFGop,0,LH
6,E,2.12497,1.325636,0.354291,E1,MD,H>E,spWM,Precentral_B_IFGop,0,LH
7,H,3.029824,1.080428,0.288757,E1,MD,H>E,spWM,midFrontal,0,LH
7,E,1.67057,0.727447,0.194418,E1,MD,H>E,spWM,midFrontal,0,LH
8,H,2.660514,1.613156,0.431134,E1,MD,H>E,spWM,midFrontalOrb,0,LH
8,E,1.46661,1.142622,0.305379,E1,MD,H>E,spWM,midFrontalOrb,0,LH
9,H,2.236767,1.375872,0.367717,E1,MD,H>E,spWM,insula,0,LH
9,E,1.290261,0.456497,0.122004,E1,MD,H>E,spWM,insula,0,LH
10,H,2.419129,1.056367,0.282326,E1,MD,H>E,spWM,medialFrontal,0,LH
10,E,1.359838,0.757706,0.202505,E1,MD,H>E,spWM,medialFrontal,0,LH
11,H,5.563281,2.402054,0.641976,E1,MD,H>E,spWM,PostParietal,0,RH
11,E,4.136928,1.663276,0.444529,E1,MD,H>E,spWM,PostParietal,0,RH
12,H,4.597559,3.08109,0.823456,E1,MD,H>E,spWM,midParietal,0,RH
12,E,3.038985,2.243569,0.599619,E1,MD,H>E,spWM,midParietal,0,RH
13,H,4.032682,1.829539,0.488965,E1,MD,H>E,spWM,antParietal,0,RH
13,E,2.858204,1.358947,0.363194,E1,MD,H>E,spWM,antParietal,0,RH
14,H,4.639253,2.080303,0.555984,E1,MD,H>E,spWM,supFrontal,0,RH
14,E,3.137106,1.526681,0.408023,E1,MD,H>E,spWM,supFrontal,0,RH
15,H,4.940832,2.647751,0.707641,E1,MD,H>E,spWM,Precentral_A_PrecG,0,RH
15,E,3.497948,1.862784,0.49785,E1,MD,H>E,spWM,Precentral_A_PrecG,0,RH
16,H,4.597643,1.896406,0.506836,E1,MD,H>E,spWM,Precentral_B_IFGop,0,RH
16,E,3.044986,1.117377,0.298632,E1,MD,H>E,spWM,Precentral_B_IFGop,0,RH
17,H,3.739707,1.331768,0.35593,E1,MD,H>E,spWM,midFrontal,0,RH
17,E,2.086676,0.923402,0.24679,E1,MD,H>E,spWM,midFrontal,0,RH
18,H,3.173003,1.834937,0.490408,E1,MD,H>E,spWM,midFrontalOrb,0,RH
18,E,1.758891,1.365313,0.364895,E1,MD,H>E,spWM,midFrontalOrb,0,RH
19,H,2.203963,1.005822,0.268817,E1,MD,H>E,spWM,insula,0,RH
19,E,1.181863,0.672119,0.179631,E1,MD,H>E,spWM,insula,0,RH
20,H,2.743018,0.898317,0.240085,E1,MD,H>E,spWM,medialFrontal,0,RH
20,E,1.468928,0.758687,0.202768,E1,MD,H>E,spWM,medialFrontal,0,RH
1,SProd,2.233092,0.779078,0.208217,E1,MD,H>E,ProdLoc_spoken,PostParietal,0,LH
1,WProd,3.389039,1.253278,0.334953,E1,MD,H>E,ProdLoc_spoken,PostParietal,0,LH
1,SComp,0.571463,0.547094,0.146217,E1,MD,H>E,ProdLoc_spoken,PostParietal,0,LH
1,WComp,1.118271,0.65886,0.176088,E1,MD,H>E,ProdLoc_spoken,PostParietal,0,LH
1,NProd,1.79801,1.311882,0.350615,E1,MD,H>E,ProdLoc_spoken,PostParietal,0,LH
1,VisEvSem,1.037122,0.87033,0.232605,E1,MD,H>E,ProdLoc_spoken,PostParietal,0,LH
2,SProd,1.005771,1.112847,0.297421,E1,MD,H>E,ProdLoc_spoken,midParietal,0,LH
2,WProd,1.649448,1.679949,0.448985,E1,MD,H>E,ProdLoc_spoken,midParietal,0,LH
2,SComp,0.715719,1.057714,0.282686,E1,MD,H>E,ProdLoc_spoken,midParietal,0,LH
2,WComp,1.053361,0.966964,0.258432,E1,MD,H>E,ProdLoc_spoken,midParietal,0,LH
2,NProd,1.046765,1.721387,0.46006,E1,MD,H>E,ProdLoc_spoken,midParietal,0,LH
2,VisEvSem,0.830481,1.085207,0.290034,E1,MD,H>E,ProdLoc_spoken,midParietal,0,LH
3,SProd,1.144874,0.912348,0.243835,E1,MD,H>E,ProdLoc_spoken,antParietal,0,LH
3,WProd,1.606293,1.041617,0.278384,E1,MD,H>E,ProdLoc_spoken,antParietal,0,LH
3,SComp,0.554345,0.766328,0.20481,E1,MD,H>E,ProdLoc_spoken,antParietal,0,LH
3,WComp,0.93559,1.03879,0.277628,E1,MD,H>E,ProdLoc_spoken,antParietal,0,LH
3,NProd,2.064222,1.303912,0.348485,E1,MD,H>E,ProdLoc_spoken,antParietal,0,LH
3,VisEvSem,1.032422,1.027185,0.274527,E1,MD,H>E,ProdLoc_spoken,antParietal,0,LH
4,SProd,2.720311,1.761842,0.470872,E1,MD,H>E,ProdLoc_spoken,supFrontal,0,LH
4,WProd,3.274292,2.243268,0.599539,E1,MD,H>E,ProdLoc_spoken,supFrontal,0,LH
4,SComp,1.074654,1.250316,0.334161,E1,MD,H>E,ProdLoc_spoken,supFrontal,0,LH
4,WComp,1.302584,1.517583,0.405591,E1,MD,H>E,ProdLoc_spoken,supFrontal,0,LH
4,NProd,2.079325,1.637794,0.437719,E1,MD,H>E,ProdLoc_spoken,supFrontal,0,LH
4,VisEvSem,1.043586,1.188132,0.317542,E1,MD,H>E,ProdLoc_spoken,supFrontal,0,LH
5,SProd,3.206701,1.76669,0.472168,E1,MD,H>E,ProdLoc_spoken,Precentral_A_PrecG,0,LH
5,WProd,3.903786,1.992711,0.532574,E1,MD,H>E,ProdLoc_spoken,Precentral_A_PrecG,0,LH
5,SComp,1.548859,1.255553,0.335561,E1,MD,H>E,ProdLoc_spoken,Precentral_A_PrecG,0,LH
5,WComp,1.951206,1.931967,0.51634,E1,MD,H>E,ProdLoc_spoken,Precentral_A_PrecG,0,LH
5,NProd,4.042801,2.90094,0.775309,E1,MD,H>E,ProdLoc_spoken,Precentral_A_PrecG,0,LH
5,VisEvSem,1.237144,1.841274,0.492101,E1,MD,H>E,ProdLoc_spoken,Precentral_A_PrecG,0,LH
6,SProd,3.150386,1.817363,0.485711,E1,MD,H>E,ProdLoc_spoken,Precentral_B_IFGop,0,LH
6,WProd,3.598431,1.826459,0.488142,E1,MD,H>E,ProdLoc_spoken,Precentral_B_IFGop,0,LH
6,SComp,1.437901,0.926747,0.247683,E1,MD,H>E,ProdLoc_spoken,Precentral_B_IFGop,0,LH
6,WComp,1.675649,1.440707,0.385045,E1,MD,H>E,ProdLoc_spoken,Precentral_B_IFGop,0,LH
6,NProd,2.707634,2.014618,0.538429,E1,MD,H>E,ProdLoc_spoken,Precentral_B_IFGop,0,LH
6,VisEvSem,1.54258,1.664622,0.444889,E1,MD,H>E,ProdLoc_spoken,Precentral_B_IFGop,0,LH
7,SProd,2.737986,1.644762,0.439581,E1,MD,H>E,ProdLoc_spoken,midFrontal,0,LH
7,WProd,3.228017,1.768824,0.472738,E1,MD,H>E,ProdLoc_spoken,midFrontal,0,LH
7,SComp,0.888122,0.89332,0.23875,E1,MD,H>E,ProdLoc_spoken,midFrontal,0,LH
7,WComp,1.278749,1.334929,0.356775,E1,MD,H>E,ProdLoc_spoken,midFrontal,0,LH
7,NProd,1.666672,1.793123,0.479232,E1,MD,H>E,ProdLoc_spoken,midFrontal,0,LH
7,VisEvSem,0.93235,1.655044,0.44232900000000003,E1,MD,H>E,ProdLoc_spoken,midFrontal,0,LH
8,SProd,1.99529,2.138366,0.571502,E1,MD,H>E,ProdLoc_spoken,midFrontalOrb,0,LH
8,WProd,2.562518,2.663806,0.711932,E1,MD,H>E,ProdLoc_spoken,midFrontalOrb,0,LH
8,SComp,0.260213,1.305631,0.348945,E1,MD,H>E,ProdLoc_spoken,midFrontalOrb,0,LH
8,WComp,0.578209,1.5283,0.408455,E1,MD,H>E,ProdLoc_spoken,midFrontalOrb,0,LH
8,NProd,0.950333,2.332899,0.623493,E1,MD,H>E,ProdLoc_spoken,midFrontalOrb,0,LH
8,VisEvSem,0.576842,1.697115,0.453573,E1,MD,H>E,ProdLoc_spoken,midFrontalOrb,0,LH
9,SProd,2.173663,1.534323,0.410065,E1,MD,H>E,ProdLoc_spoken,insula,0,LH
9,WProd,2.678478,1.70174,0.454809,E1,MD,H>E,ProdLoc_spoken,insula,0,LH
9,SComp,0.429062,0.965067,0.257925,E1,MD,H>E,ProdLoc_spoken,insula,0,LH
9,WComp,0.591762,1.155259,0.308756,E1,MD,H>E,ProdLoc_spoken,insula,0,LH
9,NProd,1.916314,1.333976,0.35652,E1,MD,H>E,ProdLoc_spoken,insula,0,LH
9,VisEvSem,0.675685,0.982758,0.262653,E1,MD,H>E,ProdLoc_spoken,insula,0,LH
10,SProd,2.703649,1.313089,0.35093800000000003,E1,MD,H>E,ProdLoc_spoken,medialFrontal,0,LH
10,WProd,3.030076,1.559481,0.416789,E1,MD,H>E,ProdLoc_spoken,medialFrontal,0,LH
10,SComp,0.633051,0.948654,0.253538,E1,MD,H>E,ProdLoc_spoken,medialFrontal,0,LH
10,WComp,0.633607,1.02075,0.272807,E1,MD,H>E,ProdLoc_spoken,medialFrontal,0,LH
10,NProd,1.564256,1.595654,0.426456,E1,MD,H>E,ProdLoc_spoken,medialFrontal,0,LH
10,VisEvSem,0.697202,1.662684,0.444371,E1,MD,H>E,ProdLoc_spoken,medialFrontal,0,LH
11,SProd,1.503712,0.976935,0.261097,E1,MD,H>E,ProdLoc_spoken,PostParietal,0,RH
11,WProd,3.01493,1.093498,0.29225,E1,MD,H>E,ProdLoc_spoken,PostParietal,0,RH
11,SComp,0.168599,0.899518,0.240406,E1,MD,H>E,ProdLoc_spoken,PostParietal,0,RH
11,WComp,0.788132,0.982941,0.262702,E1,MD,H>E,ProdLoc_spoken,PostParietal,0,RH
11,NProd,1.11969,0.904178,0.241652,E1,MD,H>E,ProdLoc_spoken,PostParietal,0,RH
11,VisEvSem,0.833,0.966218,0.258233,E1,MD,H>E,ProdLoc_spoken,PostParietal,0,RH
12,SProd,0.109567,2.19496,0.586628,E1,MD,H>E,ProdLoc_spoken,midParietal,0,RH
12,WProd,1.151765,1.980683,0.52936,E1,MD,H>E,ProdLoc_spoken,midParietal,0,RH
12,SComp,0.128987,0.873942,0.233571,E1,MD,H>E,ProdLoc_spoken,midParietal,0,RH
12,WComp,0.824432,1.955243,0.522561,E1,MD,H>E,ProdLoc_spoken,midParietal,0,RH
12,NProd,0.926362,2.520895,0.673737,E1,MD,H>E,ProdLoc_spoken,midParietal,0,RH
12,VisEvSem,0.534343,1.425912,0.381091,E1,MD,H>E,ProdLoc_spoken,midParietal,0,RH
13,SProd,-0.047994,1.326858,0.354618,E1,MD,H>E,ProdLoc_spoken,antParietal,0,RH
13,WProd,0.807374,1.491939,0.398737,E1,MD,H>E,ProdLoc_spoken,antParietal,0,RH
13,SComp,0.228184,0.968318,0.258794,E1,MD,H>E,ProdLoc_spoken,antParietal,0,RH
13,WComp,0.635025,1.224299,0.327208,E1,MD,H>E,ProdLoc_spoken,antParietal,0,RH
13,NProd,0.74827,1.993177,0.532699,E1,MD,H>E,ProdLoc_spoken,antParietal,0,RH
13,VisEvSem,0.146754,0.963645,0.257545,E1,MD,H>E,ProdLoc_spoken,antParietal,0,RH
14,SProd,1.011524,1.4721359999999999,0.393445,E1,MD,H>E,ProdLoc_spoken,supFrontal,0,RH
14,WProd,2.297248,1.640082,0.43833,E1,MD,H>E,ProdLoc_spoken,supFrontal,0,RH
14,SComp,0.247706,0.712594,0.190449,E1,MD,H>E,ProdLoc_spoken,supFrontal,0,RH
14,WComp,0.879542,1.655661,0.442494,E1,MD,H>E,ProdLoc_spoken,supFrontal,0,RH
14,NProd,1.475721,1.596287,0.426626,E1,MD,H>E,ProdLoc_spoken,supFrontal,0,RH
14,VisEvSem,0.577159,0.997887,0.266696,E1,MD,H>E,ProdLoc_spoken,supFrontal,0,RH
15,SProd,1.816853,2.86732,0.766323,E1,MD,H>E,ProdLoc_spoken,Precentral_A_PrecG,0,RH
15,WProd,2.946035,2.857785,0.763775,E1,MD,H>E,ProdLoc_spoken,Precentral_A_PrecG,0,RH
15,SComp,0.894693,1.774766,0.474326,E1,MD,H>E,ProdLoc_spoken,Precentral_A_PrecG,0,RH
15,WComp,1.207032,1.873733,0.500776,E1,MD,H>E,ProdLoc_spoken,Precentral_A_PrecG,0,RH
15,NProd,2.465574,2.961236,0.791424,E1,MD,H>E,ProdLoc_spoken,Precentral_A_PrecG,0,RH
15,VisEvSem,1.345776,1.903538,0.508742,E1,MD,H>E,ProdLoc_spoken,Precentral_A_PrecG,0,RH
16,SProd,1.42616,2.078163,0.555412,E1,MD,H>E,ProdLoc_spoken,Precentral_B_IFGop,0,RH
16,WProd,2.182996,1.950644,0.521332,E1,MD,H>E,ProdLoc_spoken,Precentral_B_IFGop,0,RH
16,SComp,0.532959,1.082422,0.28929,E1,MD,H>E,ProdLoc_spoken,Precentral_B_IFGop,0,RH
16,WComp,0.766696,1.18403,0.316445,E1,MD,H>E,ProdLoc_spoken,Precentral_B_IFGop,0,RH
16,NProd,1.596219,1.395456,0.372951,E1,MD,H>E,ProdLoc_spoken,Precentral_B_IFGop,0,RH
16,VisEvSem,1.051293,1.667662,0.445701,E1,MD,H>E,ProdLoc_spoken,Precentral_B_IFGop,0,RH
17,SProd,1.378847,1.994523,0.533059,E1,MD,H>E,ProdLoc_spoken,midFrontal,0,RH
17,WProd,2.689793,1.947592,0.520516,E1,MD,H>E,ProdLoc_spoken,midFrontal,0,RH
17,SComp,0.720112,1.192158,0.318618,E1,MD,H>E,ProdLoc_spoken,midFrontal,0,RH
17,WComp,0.935686,1.285182,0.343479,E1,MD,H>E,ProdLoc_spoken,midFrontal,0,RH
17,NProd,1.6145,1.921897,0.513648,E1,MD,H>E,ProdLoc_spoken,midFrontal,0,RH
17,VisEvSem,1.038232,1.495687,0.399739,E1,MD,H>E,ProdLoc_spoken,midFrontal,0,RH
18,SProd,0.65238,2.061693,0.551011,E1,MD,H>E,ProdLoc_spoken,midFrontalOrb,0,RH
18,WProd,2.052202,2.275764,0.608224,E1,MD,H>E,ProdLoc_spoken,midFrontalOrb,0,RH
18,SComp,-0.024845,0.975788,0.26079,E1,MD,H>E,ProdLoc_spoken,midFrontalOrb,0,RH
18,WComp,0.327437,1.176947,0.314552,E1,MD,H>E,ProdLoc_spoken,midFrontalOrb,0,RH
18,NProd,1.306761,1.804721,0.482332,E1,MD,H>E,ProdLoc_spoken,midFrontalOrb,0,RH
18,VisEvSem,-0.063247,1.424792,0.380792,E1,MD,H>E,ProdLoc_spoken,midFrontalOrb,0,RH
19,SProd,0.9955,1.07399,0.287036,E1,MD,H>E,ProdLoc_spoken,insula,0,RH
19,WProd,1.845439,1.164351,0.311186,E1,MD,H>E,ProdLoc_spoken,insula,0,RH
19,SComp,0.024189,0.646179,0.172699,E1,MD,H>E,ProdLoc_spoken,insula,0,RH
19,WComp,0.105395,0.670711,0.179255,E1,MD,H>E,ProdLoc_spoken,insula,0,RH
19,NProd,1.117984,0.848064,0.226655,E1,MD,H>E,ProdLoc_spoken,insula,0,RH
19,VisEvSem,0.407296,0.826943,0.22101,E1,MD,H>E,ProdLoc_spoken,insula,0,RH
20,SProd,1.345135,1.495716,0.399747,E1,MD,H>E,ProdLoc_spoken,medialFrontal,0,RH
20,WProd,2.347566,1.679737,0.448929,E1,MD,H>E,ProdLoc_spoken,medialFrontal,0,RH
20,SComp,0.345766,1.252592,0.334769,E1,MD,H>E,ProdLoc_spoken,medialFrontal,0,RH
20,WComp,0.283673,1.375338,0.367574,E1,MD,H>E,ProdLoc_spoken,medialFrontal,0,RH
20,NProd,1.383647,1.696182,0.453324,E1,MD,H>E,ProdLoc_spoken,medialFrontal,0,RH
20,VisEvSem,0.651926,1.577869,0.421703,E1,MD,H>E,ProdLoc_spoken,medialFrontal,0,RH
1,H,3.391711,2.329715,0.622643,E1,MD,H>E,spWM,PostParietal,1,LH
1,E,2.441973,1.62695,0.434821,E1,MD,H>E,spWM,PostParietal,1,LH
2,H,3.375397,2.756887,0.736809,E1,MD,H>E,spWM,midParietal,1,LH
2,E,2.287972,1.89063,0.505292,E1,MD,H>E,spWM,midParietal,1,LH
3,H,2.49176,1.752649,0.468415,E1,MD,H>E,spWM,antParietal,1,LH
3,E,1.742494,1.192341,0.318666,E1,MD,H>E,spWM,antParietal,1,LH
4,H,2.405203,1.736484,0.464095,E1,MD,H>E,spWM,supFrontal,1,LH
4,E,1.606015,1.187697,0.317425,E1,MD,H>E,spWM,supFrontal,1,LH
5,H,2.894191,2.277927,0.608801,E1,MD,H>E,spWM,Precentral_A_PrecG,1,LH
5,E,1.932823,1.525212,0.40763,E1,MD,H>E,spWM,Precentral_A_PrecG,1,LH
6,H,2.499899,1.852172,0.495014,E1,MD,H>E,spWM,Precentral_B_IFGop,1,LH
6,E,1.513051,1.3133,0.350994,E1,MD,H>E,spWM,Precentral_B_IFGop,1,LH
7,H,1.983758,1.800102,0.481098,E1,MD,H>E,spWM,midFrontal,1,LH
7,E,0.999184,0.980566,0.262067,E1,MD,H>E,spWM,midFrontal,1,LH
8,H,1.515353,1.235456,0.330189,E1,MD,H>E,spWM,midFrontalOrb,1,LH
8,E,0.701052,1.011672,0.270381,E1,MD,H>E,spWM,midFrontalOrb,1,LH
9,H,1.135131,0.847731,0.226566,E1,MD,H>E,spWM,insula,1,LH
9,E,0.605368,0.57942,0.154856,E1,MD,H>E,spWM,insula,1,LH
10,H,1.448629,1.271637,0.339859,E1,MD,H>E,spWM,medialFrontal,1,LH
10,E,0.756531,0.759499,0.202985,E1,MD,H>E,spWM,medialFrontal,1,LH
11,H,3.44619,2.220213,0.593377,E1,MD,H>E,spWM,PostParietal,1,RH
11,E,2.52121,1.614443,0.431478,E1,MD,H>E,spWM,PostParietal,1,RH
12,H,3.482614,3.195788,0.85411,E1,MD,H>E,spWM,midParietal,1,RH
12,E,2.450529,2.423573,0.647727,E1,MD,H>E,spWM,midParietal,1,RH
13,H,2.401231,1.739359,0.464863,E1,MD,H>E,spWM,antParietal,1,RH
13,E,1.647095,1.244359,0.332569,E1,MD,H>E,spWM,antParietal,1,RH
14,H,3.059592,2.416042,0.645715,E1,MD,H>E,spWM,supFrontal,1,RH
14,E,1.891767,1.642039,0.438853,E1,MD,H>E,spWM,supFrontal,1,RH
15,H,2.742296,2.369835,0.633365,E1,MD,H>E,spWM,Precentral_A_PrecG,1,RH
15,E,1.818333,1.759742,0.470311,E1,MD,H>E,spWM,Precentral_A_PrecG,1,RH
16,H,2.803706,2.038573,0.544832,E1,MD,H>E,spWM,Precentral_B_IFGop,1,RH
16,E,1.828343,1.748442,0.467291,E1,MD,H>E,spWM,Precentral_B_IFGop,1,RH
17,H,2.251068,1.703351,0.45524,E1,MD,H>E,spWM,midFrontal,1,RH
17,E,1.077405,1.126894,0.301175,E1,MD,H>E,spWM,midFrontal,1,RH
18,H,1.77109,1.695778,0.453216,E1,MD,H>E,spWM,midFrontalOrb,1,RH
18,E,0.621486,1.342882,0.3589,E1,MD,H>E,spWM,midFrontalOrb,1,RH
19,H,1.20345,0.899069,0.240286,E1,MD,H>E,spWM,insula,1,RH
19,E,0.568652,0.558473,0.149258,E1,MD,H>E,spWM,insula,1,RH
20,H,1.834078,1.522141,0.406809,E1,MD,H>E,spWM,medialFrontal,1,RH
20,E,0.864894,0.898083,0.240023,E1,MD,H>E,spWM,medialFrontal,1,RH
1,SProd,1.307249,1.187101,0.317266,E1,MD,H>E,ProdLoc_spoken,PostParietal,1,LH
1,WProd,2.072419,1.71089,0.457255,E1,MD,H>E,ProdLoc_spoken,PostParietal,1,LH
1,SComp,0.625392,0.6373,0.170326,E1,MD,H>E,ProdLoc_spoken,PostParietal,1,LH
1,WComp,0.737819,0.564988,0.150999,E1,MD,H>E,ProdLoc_spoken,PostParietal,1,LH
1,NProd,1.320569,1.130895,0.302244,E1,MD,H>E,ProdLoc_spoken,PostParietal,1,LH
1,VisEvSem,1.111218,0.82317,0.220001,E1,MD,H>E,ProdLoc_spoken,PostParietal,1,LH
2,SProd,0.890081,1.0174,0.271912,E1,MD,H>E,ProdLoc_spoken,midParietal,1,LH
2,WProd,1.425197,1.624753,0.434234,E1,MD,H>E,ProdLoc_spoken,midParietal,1,LH
2,SComp,0.605434,0.654215,0.174846,E1,MD,H>E,ProdLoc_spoken,midParietal,1,LH
2,WComp,0.751377,0.624783,0.16698,E1,MD,H>E,ProdLoc_spoken,midParietal,1,LH
2,NProd,1.360332,1.57078,0.419809,E1,MD,H>E,ProdLoc_spoken,midParietal,1,LH
2,VisEvSem,1.077598,0.769751,0.205725,E1,MD,H>E,ProdLoc_spoken,midParietal,1,LH
3,SProd,0.517545,0.694672,0.185659,E1,MD,H>E,ProdLoc_spoken,antParietal,1,LH
3,WProd,0.884436,0.875719,0.234046,E1,MD,H>E,ProdLoc_spoken,antParietal,1,LH
3,SComp,0.294332,0.474014,0.126685,E1,MD,H>E,ProdLoc_spoken,antParietal,1,LH
3,WComp,0.517933,0.495022,0.1323,E1,MD,H>E,ProdLoc_spoken,antParietal,1,LH
3,NProd,1.012073,0.858818,0.229529,E1,MD,H>E,ProdLoc_spoken,antParietal,1,LH
3,VisEvSem,0.769822,0.530956,0.141904,E1,MD,H>E,ProdLoc_spoken,antParietal,1,LH
4,SProd,1.070951,0.970829,0.259465,E1,MD,H>E,ProdLoc_spoken,supFrontal,1,LH
4,WProd,1.355788,1.213761,0.324391,E1,MD,H>E,ProdLoc_spoken,supFrontal,1,LH
4,SComp,0.31519,0.606721,0.162153,E1,MD,H>E,ProdLoc_spoken,supFrontal,1,LH
4,WComp,0.407422,0.526404,0.140688,E1,MD,H>E,ProdLoc_spoken,supFrontal,1,LH
4,NProd,1.04347,1.121868,0.299832,E1,MD,H>E,ProdLoc_spoken,supFrontal,1,LH
4,VisEvSem,0.751588,0.588185,0.157199,E1,MD,H>E,ProdLoc_spoken,supFrontal,1,LH
5,SProd,1.980947,1.462548,0.390882,E1,MD,H>E,ProdLoc_spoken,Precentral_A_PrecG,1,LH
5,WProd,2.663312,1.803308,0.481954,E1,MD,H>E,ProdLoc_spoken,Precentral_A_PrecG,1,LH
5,SComp,1.212743,1.057011,0.282498,E1,MD,H>E,ProdLoc_spoken,Precentral_A_PrecG,1,LH
5,WComp,1.252831,1.159906,0.309998,E1,MD,H>E,ProdLoc_spoken,Precentral_A_PrecG,1,LH
5,NProd,2.408072,1.737848,0.464459,E1,MD,H>E,ProdLoc_spoken,Precentral_A_PrecG,1,LH
5,VisEvSem,1.612092,1.025732,0.274138,E1,MD,H>E,ProdLoc_spoken,Precentral_A_PrecG,1,LH
6,SProd,1.821298,1.16961,0.312591,E1,MD,H>E,ProdLoc_spoken,Precentral_B_IFGop,1,LH
6,WProd,2.202217,1.675379,0.447764,E1,MD,H>E,ProdLoc_spoken,Precentral_B_IFGop,1,LH
6,SComp,0.611897,0.85505,0.228522,E1,MD,H>E,ProdLoc_spoken,Precentral_B_IFGop,1,LH
6,WComp,0.718467,0.84494,0.22582,E1,MD,H>E,ProdLoc_spoken,Precentral_B_IFGop,1,LH
6,NProd,1.747148,1.552477,0.414917,E1,MD,H>E,ProdLoc_spoken,Precentral_B_IFGop,1,LH
6,VisEvSem,1.425246,0.864937,0.231164,E1,MD,H>E,ProdLoc_spoken,Precentral_B_IFGop,1,LH
7,SProd,1.507131,1.647764,0.440383,E1,MD,H>E,ProdLoc_spoken,midFrontal,1,LH
7,WProd,2.069065,1.749728,0.467634,E1,MD,H>E,ProdLoc_spoken,midFrontal,1,LH
7,SComp,0.543119,0.910863,0.243438,E1,MD,H>E,ProdLoc_spoken,midFrontal,1,LH
7,WComp,0.584921,0.894653,0.239106,E1,MD,H>E,ProdLoc_spoken,midFrontal,1,LH
7,NProd,1.420127,1.503755,0.401895,E1,MD,H>E,ProdLoc_spoken,midFrontal,1,LH
7,VisEvSem,1.085837,0.826999,0.221025,E1,MD,H>E,ProdLoc_spoken,midFrontal,1,LH
8,SProd,0.579101,1.597861,0.427046,E1,MD,H>E,ProdLoc_spoken,midFrontalOrb,1,LH
8,WProd,1.186475,1.528921,0.408621,E1,MD,H>E,ProdLoc_spoken,midFrontalOrb,1,LH
8,SComp,-0.153765,0.942229,0.251821,E1,MD,H>E,ProdLoc_spoken,midFrontalOrb,1,LH
8,WComp,0.085862,0.811824,0.216969,E1,MD,H>E,ProdLoc_spoken,midFrontalOrb,1,LH
8,NProd,0.500501,1.66096,0.44391,E1,MD,H>E,ProdLoc_spoken,midFrontalOrb,1,LH
8,VisEvSem,0.502222,0.986136,0.263556,E1,MD,H>E,ProdLoc_spoken,midFrontalOrb,1,LH
9,SProd,1.23527,1.05726,0.282565,E1,MD,H>E,ProdLoc_spoken,insula,1,LH
9,WProd,1.487257,1.130489,0.302136,E1,MD,H>E,ProdLoc_spoken,insula,1,LH
9,SComp,0.20888,0.503367,0.13453,E1,MD,H>E,ProdLoc_spoken,insula,1,LH
9,WComp,0.249192,0.280497,0.074966,E1,MD,H>E,ProdLoc_spoken,insula,1,LH
9,NProd,0.992416,0.720844,0.192654,E1,MD,H>E,ProdLoc_spoken,insula,1,LH
9,VisEvSem,0.693111,0.529457,0.141503,E1,MD,H>E,ProdLoc_spoken,insula,1,LH
10,SProd,1.645016,1.718848,0.459381,E1,MD,H>E,ProdLoc_spoken,medialFrontal,1,LH
10,WProd,1.887531,1.814153,0.484853,E1,MD,H>E,ProdLoc_spoken,medialFrontal,1,LH
10,SComp,0.270063,0.63983,0.171002,E1,MD,H>E,ProdLoc_spoken,medialFrontal,1,LH
10,WComp,0.335902,0.529387,0.141485,E1,MD,H>E,ProdLoc_spoken,medialFrontal,1,LH
10,NProd,1.248918,1.114315,0.297813,E1,MD,H>E,ProdLoc_spoken,medialFrontal,1,LH
10,VisEvSem,0.945086,0.626584,0.167462,E1,MD,H>E,ProdLoc_spoken,medialFrontal,1,LH
11,SProd,1.003856,0.836354,0.223525,E1,MD,H>E,ProdLoc_spoken,PostParietal,1,RH
11,WProd,1.788161,1.525196,0.407626,E1,MD,H>E,ProdLoc_spoken,PostParietal,1,RH
11,SComp,0.391416,0.385324,0.102982,E1,MD,H>E,ProdLoc_spoken,PostParietal,1,RH
11,WComp,0.430352,0.453671,0.121249,E1,MD,H>E,ProdLoc_spoken,PostParietal,1,RH
11,NProd,0.813349,0.868844,0.232208,E1,MD,H>E,ProdLoc_spoken,PostParietal,1,RH
11,VisEvSem,0.902465,0.487789,0.130367,E1,MD,H>E,ProdLoc_spoken,PostParietal,1,RH
12,SProd,0.301976,0.701889,0.187588,E1,MD,H>E,ProdLoc_spoken,midParietal,1,RH
12,WProd,0.967577,0.993564,0.265541,E1,MD,H>E,ProdLoc_spoken,midParietal,1,RH
12,SComp,0.385777,0.49603,0.13257,E1,MD,H>E,ProdLoc_spoken,midParietal,1,RH
12,WComp,0.492658,0.618015,0.165172,E1,MD,H>E,ProdLoc_spoken,midParietal,1,RH
12,NProd,0.834179,1.164022,0.311098,E1,MD,H>E,ProdLoc_spoken,midParietal,1,RH
12,VisEvSem,0.660218,0.902514,0.241207,E1,MD,H>E,ProdLoc_spoken,midParietal,1,RH
13,SProd,0.050319,0.49583,0.132516,E1,MD,H>E,ProdLoc_spoken,antParietal,1,RH
13,WProd,0.452648,0.735573,0.19659,E1,MD,H>E,ProdLoc_spoken,antParietal,1,RH
13,SComp,0.068633,0.430143,0.11496,E1,MD,H>E,ProdLoc_spoken,antParietal,1,RH
13,WComp,0.237467,0.396427,0.10595,E1,MD,H>E,ProdLoc_spoken,antParietal,1,RH
13,NProd,0.569319,0.787988,0.210599,E1,MD,H>E,ProdLoc_spoken,antParietal,1,RH
13,VisEvSem,0.359718,0.531618,0.142081,E1,MD,H>E,ProdLoc_spoken,antParietal,1,RH
14,SProd,0.47533,0.79493,0.212454,E1,MD,H>E,ProdLoc_spoken,supFrontal,1,RH
14,WProd,1.315006,1.454096,0.388624,E1,MD,H>E,ProdLoc_spoken,supFrontal,1,RH
14,SComp,0.249361,0.555006,0.148332,E1,MD,H>E,ProdLoc_spoken,supFrontal,1,RH
14,WComp,0.4412,0.643193,0.1719,E1,MD,H>E,ProdLoc_spoken,supFrontal,1,RH
14,NProd,0.942029,1.48961,0.398115,E1,MD,H>E,ProdLoc_spoken,supFrontal,1,RH
14,VisEvSem,0.637994,0.771015,0.206062,E1,MD,H>E,ProdLoc_spoken,supFrontal,1,RH
15,SProd,0.901594,1.201321,0.321067,E1,MD,H>E,ProdLoc_spoken,Precentral_A_PrecG,1,RH
15,WProd,1.567919,1.855945,0.496022,E1,MD,H>E,ProdLoc_spoken,Precentral_A_PrecG,1,RH
15,SComp,0.553186,0.941364,0.25159,E1,MD,H>E,ProdLoc_spoken,Precentral_A_PrecG,1,RH
15,WComp,0.710637,0.986399,0.263626,E1,MD,H>E,ProdLoc_spoken,Precentral_A_PrecG,1,RH
15,NProd,1.254116,1.799051,0.480816,E1,MD,H>E,ProdLoc_spoken,Precentral_A_PrecG,1,RH
15,VisEvSem,1.298132,1.228498,0.32833,E1,MD,H>E,ProdLoc_spoken,Precentral_A_PrecG,1,RH
16,SProd,1.289325,1.400644,0.374338,E1,MD,H>E,ProdLoc_spoken,Precentral_B_IFGop,1,RH
16,WProd,1.767887,1.598362,0.42718,E1,MD,H>E,ProdLoc_spoken,Precentral_B_IFGop,1,RH
16,SComp,0.587938,0.813652,0.217458,E1,MD,H>E,ProdLoc_spoken,Precentral_B_IFGop,1,RH
16,WComp,0.664599,1.004333,0.268419,E1,MD,H>E,ProdLoc_spoken,Precentral_B_IFGop,1,RH
16,NProd,1.458845,1.748566,0.467324,E1,MD,H>E,ProdLoc_spoken,Precentral_B_IFGop,1,RH
16,VisEvSem,1.474268,1.239733,0.331333,E1,MD,H>E,ProdLoc_spoken,Precentral_B_IFGop,1,RH
17,SProd,0.397765,0.894581,0.239087,E1,MD,H>E,ProdLoc_spoken,midFrontal,1,RH
17,WProd,1.134295,1.237982,0.330864,E1,MD,H>E,ProdLoc_spoken,midFrontal,1,RH
17,SComp,0.163526,0.820462,0.219278,E1,MD,H>E,ProdLoc_spoken,midFrontal,1,RH
17,WComp,0.207497,0.63554,0.169855,E1,MD,H>E,ProdLoc_spoken,midFrontal,1,RH
17,NProd,0.906697,1.257776,0.336155,E1,MD,H>E,ProdLoc_spoken,midFrontal,1,RH
17,VisEvSem,0.565998,0.819434,0.219003,E1,MD,H>E,ProdLoc_spoken,midFrontal,1,RH
18,SProd,0.344156,1.549628,0.414156,E1,MD,H>E,ProdLoc_spoken,midFrontalOrb,1,RH
18,WProd,1.217916,1.947751,0.520558,E1,MD,H>E,ProdLoc_spoken,midFrontalOrb,1,RH
18,SComp,0.109559,1.063533,0.284241,E1,MD,H>E,ProdLoc_spoken,midFrontalOrb,1,RH
18,WComp,0.251824,0.895743,0.239397,E1,MD,H>E,ProdLoc_spoken,midFrontalOrb,1,RH
18,NProd,1.178217,1.896411,0.506837,E1,MD,H>E,ProdLoc_spoken,midFrontalOrb,1,RH
18,VisEvSem,0.280641,1.293861,0.345799,E1,MD,H>E,ProdLoc_spoken,midFrontalOrb,1,RH
19,SProd,0.737558,0.962095,0.257131,E1,MD,H>E,ProdLoc_spoken,insula,1,RH
19,WProd,1.065544,0.927967,0.24801,E1,MD,H>E,ProdLoc_spoken,insula,1,RH
19,SComp,0.057266,0.493798,0.131973,E1,MD,H>E,ProdLoc_spoken,insula,1,RH
19,WComp,0.0565,0.342218,0.091461,E1,MD,H>E,ProdLoc_spoken,insula,1,RH
19,NProd,0.821085,0.923194,0.246734,E1,MD,H>E,ProdLoc_spoken,insula,1,RH
19,VisEvSem,0.415042,0.513608,0.137267,E1,MD,H>E,ProdLoc_spoken,insula,1,RH
20,SProd,0.965252,1.091186,0.291632,E1,MD,H>E,ProdLoc_spoken,medialFrontal,1,RH
20,WProd,1.499575,1.380896,0.36906,E1,MD,H>E,ProdLoc_spoken,medialFrontal,1,RH
20,SComp,0.148938,0.623931,0.166752,E1,MD,H>E,ProdLoc_spoken,medialFrontal,1,RH
20,WComp,0.164347,0.523986,0.140041,E1,MD,H>E,ProdLoc_spoken,medialFrontal,1,RH
20,NProd,0.965871,1.131665,0.30245,E1,MD,H>E,ProdLoc_spoken,medialFrontal,1,RH
20,VisEvSem,0.777261,0.905631,0.24204,E1,MD,H>E,ProdLoc_spoken,medialFrontal,1,RH
1,SProd,1.518993,1.22821,0.328253,E3,MD,H>E,ProdLoc_typed,PostParietal,1,LH
1,WProd,1.896411,1.420534,0.379654,E3,MD,H>E,ProdLoc_typed,PostParietal,1,LH
1,SComp,0.196925,0.676228,0.180729,E3,MD,H>E,ProdLoc_typed,PostParietal,1,LH
1,WComp,0.492206,0.510948,0.136556,E3,MD,H>E,ProdLoc_typed,PostParietal,1,LH
1,NProd,2.121266,1.538364,0.411145,E3,MD,H>E,ProdLoc_typed,PostParietal,1,LH
1,VisEvSem,1.379218,0.786665,0.210245,E3,MD,H>E,ProdLoc_typed,PostParietal,1,LH
2,SProd,1.694847,1.532604,0.409606,E3,MD,H>E,ProdLoc_typed,midParietal,1,LH
2,WProd,1.971678,1.640093,0.438333,E3,MD,H>E,ProdLoc_typed,midParietal,1,LH
2,SComp,0.192613,0.896284,0.239542,E3,MD,H>E,ProdLoc_typed,midParietal,1,LH
2,WComp,0.365879,0.838768,0.22417,E3,MD,H>E,ProdLoc_typed,midParietal,1,LH
2,NProd,2.3676,1.913632,0.51144,E3,MD,H>E,ProdLoc_typed,midParietal,1,LH
2,VisEvSem,1.635284,1.21299,0.324185,E3,MD,H>E,ProdLoc_typed,midParietal,1,LH
3,SProd,1.251848,0.920346,0.245973,E3,MD,H>E,ProdLoc_typed,antParietal,1,LH
3,WProd,1.485316,0.957157,0.255811,E3,MD,H>E,ProdLoc_typed,antParietal,1,LH
3,SComp,0.039243,0.500142,0.133668,E3,MD,H>E,ProdLoc_typed,antParietal,1,LH
3,WComp,0.141415,0.394482,0.10543,E3,MD,H>E,ProdLoc_typed,antParietal,1,LH
3,NProd,1.751598,1.200668,0.320892,E3,MD,H>E,ProdLoc_typed,antParietal,1,LH
3,VisEvSem,1.15562,0.507308,0.135584,E3,MD,H>E,ProdLoc_typed,antParietal,1,LH
4,SProd,1.690876,1.435241,0.383584,E3,MD,H>E,ProdLoc_typed,supFrontal,1,LH
4,WProd,1.822789,1.486516,0.397288,E3,MD,H>E,ProdLoc_typed,supFrontal,1,LH
4,SComp,0.07861,0.695799,0.18596,E3,MD,H>E,ProdLoc_typed,supFrontal,1,LH
4,WComp,0.347347,0.69291,0.185188,E3,MD,H>E,ProdLoc_typed,supFrontal,1,LH
4,NProd,1.948557,1.790042,0.478409,E3,MD,H>E,ProdLoc_typed,supFrontal,1,LH
4,VisEvSem,1.191532,0.904727,0.241798,E3,MD,H>E,ProdLoc_typed,supFrontal,1,LH
5,SProd,2.216927,1.243043,0.332217,E3,MD,H>E,ProdLoc_typed,Precentral_A_PrecG,1,LH
5,WProd,2.380722,1.605078,0.428975,E3,MD,H>E,ProdLoc_typed,Precentral_A_PrecG,1,LH
5,SComp,0.674224,1.089219,0.291106,E3,MD,H>E,ProdLoc_typed,Precentral_A_PrecG,1,LH
5,WComp,1.009928,1.156764,0.309158,E3,MD,H>E,ProdLoc_typed,Precentral_A_PrecG,1,LH
5,NProd,2.635135,1.717235,0.45895,E3,MD,H>E,ProdLoc_typed,Precentral_A_PrecG,1,LH
5,VisEvSem,1.734045,0.967663,0.258619,E3,MD,H>E,ProdLoc_typed,Precentral_A_PrecG,1,LH
6,SProd,1.803512,1.357993,0.362939,E3,MD,H>E,ProdLoc_typed,Precentral_B_IFGop,1,LH
6,WProd,1.862343,1.243344,0.332298,E3,MD,H>E,ProdLoc_typed,Precentral_B_IFGop,1,LH
6,SComp,0.219578,0.832019,0.222366,E3,MD,H>E,ProdLoc_typed,Precentral_B_IFGop,1,LH
6,WComp,0.351396,0.819838,0.219111,E3,MD,H>E,ProdLoc_typed,Precentral_B_IFGop,1,LH
6,NProd,1.743055,1.53589,0.410484,E3,MD,H>E,ProdLoc_typed,Precentral_B_IFGop,1,LH
6,VisEvSem,1.521338,1.20732,0.32267,E3,MD,H>E,ProdLoc_typed,Precentral_B_IFGop,1,LH
7,SProd,1.308198,1.047232,0.279885,E3,MD,H>E,ProdLoc_typed,midFrontal,1,LH
7,WProd,1.531447,1.312353,0.350741,E3,MD,H>E,ProdLoc_typed,midFrontal,1,LH
7,SComp,0.222661,0.805893,0.215384,E3,MD,H>E,ProdLoc_typed,midFrontal,1,LH
7,WComp,0.377498,0.930564,0.248704,E3,MD,H>E,ProdLoc_typed,midFrontal,1,LH
7,NProd,1.143147,1.516314,0.405252,E3,MD,H>E,ProdLoc_typed,midFrontal,1,LH
7,VisEvSem,1.101074,0.719848,0.192387,E3,MD,H>E,ProdLoc_typed,midFrontal,1,LH
8,SProd,0.82003,1.94835,0.520719,E3,MD,H>E,ProdLoc_typed,midFrontalOrb,1,LH
8,WProd,0.799886,1.690861,0.451902,E3,MD,H>E,ProdLoc_typed,midFrontalOrb,1,LH
8,SComp,0.015132,0.902739,0.241267,E3,MD,H>E,ProdLoc_typed,midFrontalOrb,1,LH
8,WComp,0.199735,0.946028,0.252837,E3,MD,H>E,ProdLoc_typed,midFrontalOrb,1,LH
8,NProd,0.45047,1.762892,0.471153,E3,MD,H>E,ProdLoc_typed,midFrontalOrb,1,LH
8,VisEvSem,0.624929,1.260992,0.337014,E3,MD,H>E,ProdLoc_typed,midFrontalOrb,1,LH
9,SProd,1.285662,1.036256,0.276951,E3,MD,H>E,ProdLoc_typed,insula,1,LH
9,WProd,1.07852,1.105378,0.295425,E3,MD,H>E,ProdLoc_typed,insula,1,LH
9,SComp,-0.004668,0.541886,0.144825,E3,MD,H>E,ProdLoc_typed,insula,1,LH
9,WComp,0.087059,0.525474,0.140439,E3,MD,H>E,ProdLoc_typed,insula,1,LH
9,NProd,0.888595,0.850757,0.227374,E3,MD,H>E,ProdLoc_typed,insula,1,LH
9,VisEvSem,0.884223,0.762572,0.203806,E3,MD,H>E,ProdLoc_typed,insula,1,LH
10,SProd,1.255298,1.0717970000000001,0.28645,E3,MD,H>E,ProdLoc_typed,medialFrontal,1,LH
10,WProd,1.137321,1.042441,0.278604,E3,MD,H>E,ProdLoc_typed,medialFrontal,1,LH
10,SComp,-0.066786,0.687943,0.183861,E3,MD,H>E,ProdLoc_typed,medialFrontal,1,LH
10,WComp,0.063773,0.576533,0.154085,E3,MD,H>E,ProdLoc_typed,medialFrontal,1,LH
10,NProd,0.651202,0.987657,0.263962,E3,MD,H>E,ProdLoc_typed,medialFrontal,1,LH
10,VisEvSem,0.829433,0.898432,0.240116,E3,MD,H>E,ProdLoc_typed,medialFrontal,1,LH
11,SProd,0.839613,0.727316,0.194383,E3,MD,H>E,ProdLoc_typed,PostParietal,1,RH
11,WProd,1.311985,1.040775,0.278159,E3,MD,H>E,ProdLoc_typed,PostParietal,1,RH
11,SComp,0.003037,0.942453,0.251881,E3,MD,H>E,ProdLoc_typed,PostParietal,1,RH
11,WComp,0.33087,0.551345,0.147353,E3,MD,H>E,ProdLoc_typed,PostParietal,1,RH
11,NProd,1.280772,1.163762,0.311028,E3,MD,H>E,ProdLoc_typed,PostParietal,1,RH
11,VisEvSem,1.350384,0.905716,0.242063,E3,MD,H>E,ProdLoc_typed,PostParietal,1,RH
12,SProd,0.957043,1.070005,0.285971,E3,MD,H>E,ProdLoc_typed,midParietal,1,RH
12,WProd,1.4559,1.592984,0.425743,E3,MD,H>E,ProdLoc_typed,midParietal,1,RH
12,SComp,0.065225,0.841186,0.224816,E3,MD,H>E,ProdLoc_typed,midParietal,1,RH
12,WComp,0.418865,0.694276,0.185553,E3,MD,H>E,ProdLoc_typed,midParietal,1,RH
12,NProd,1.629658,1.626399,0.434673,E3,MD,H>E,ProdLoc_typed,midParietal,1,RH
12,VisEvSem,1.500777,1.174608,0.313927,E3,MD,H>E,ProdLoc_typed,midParietal,1,RH
13,SProd,1.005395,1.150491,0.307482,E3,MD,H>E,ProdLoc_typed,antParietal,1,RH
13,WProd,1.271629,1.190439,0.318158,E3,MD,H>E,ProdLoc_typed,antParietal,1,RH
13,SComp,-0.242377,0.875014,0.233857,E3,MD,H>E,ProdLoc_typed,antParietal,1,RH
13,WComp,0.048388,0.507543,0.135647,E3,MD,H>E,ProdLoc_typed,antParietal,1,RH
13,NProd,1.579248,1.873314,0.500664,E3,MD,H>E,ProdLoc_typed,antParietal,1,RH
13,VisEvSem,1.280702,1.24113,0.331706,E3,MD,H>E,ProdLoc_typed,antParietal,1,RH
14,SProd,1.022979,0.975588,0.260737,E3,MD,H>E,ProdLoc_typed,supFrontal,1,RH
14,WProd,1.41858,1.091527,0.291723,E3,MD,H>E,ProdLoc_typed,supFrontal,1,RH
14,SComp,-0.054645,0.869215,0.232307,E3,MD,H>E,ProdLoc_typed,supFrontal,1,RH
14,WComp,0.465365,0.820667,0.219332,E3,MD,H>E,ProdLoc_typed,supFrontal,1,RH
14,NProd,1.713209,1.438494,0.384454,E3,MD,H>E,ProdLoc_typed,supFrontal,1,RH
14,VisEvSem,1.545773,1.289352,0.344594,E3,MD,H>E,ProdLoc_typed,supFrontal,1,RH
15,SProd,1.03583,0.920269,0.245952,E3,MD,H>E,ProdLoc_typed,Precentral_A_PrecG,1,RH
15,WProd,1.407694,1.259494,0.336614,E3,MD,H>E,ProdLoc_typed,Precentral_A_PrecG,1,RH
15,SComp,0.28513,1.21485,0.324682,E3,MD,H>E,ProdLoc_typed,Precentral_A_PrecG,1,RH
15,WComp,0.554933,0.871635,0.232954,E3,MD,H>E,ProdLoc_typed,Precentral_A_PrecG,1,RH
15,NProd,1.567948,1.426664,0.381292,E3,MD,H>E,ProdLoc_typed,Precentral_A_PrecG,1,RH
15,VisEvSem,2.035013,1.399276,0.373972,E3,MD,H>E,ProdLoc_typed,Precentral_A_PrecG,1,RH
16,SProd,1.127968,1.558608,0.416555,E3,MD,H>E,ProdLoc_typed,Precentral_B_IFGop,1,RH
16,WProd,1.391168,1.18249,0.316034,E3,MD,H>E,ProdLoc_typed,Precentral_B_IFGop,1,RH
16,SComp,0.010032,1.178816,0.315052,E3,MD,H>E,ProdLoc_typed,Precentral_B_IFGop,1,RH
16,WComp,0.482969,1.18953,0.317915,E3,MD,H>E,ProdLoc_typed,Precentral_B_IFGop,1,RH
16,NProd,1.474643,2.020866,0.540099,E3,MD,H>E,ProdLoc_typed,Precentral_B_IFGop,1,RH
16,VisEvSem,2.159892,1.95033,0.521248,E3,MD,H>E,ProdLoc_typed,Precentral_B_IFGop,1,RH
17,SProd,0.691744,0.881468,0.235582,E3,MD,H>E,ProdLoc_typed,midFrontal,1,RH
17,WProd,1.041638,1.061239,0.283628,E3,MD,H>E,ProdLoc_typed,midFrontal,1,RH
17,SComp,0.055893,0.765497,0.204588,E3,MD,H>E,ProdLoc_typed,midFrontal,1,RH
17,WComp,0.326683,0.711573,0.190176,E3,MD,H>E,ProdLoc_typed,midFrontal,1,RH
17,NProd,0.943211,1.25098,0.334339,E3,MD,H>E,ProdLoc_typed,midFrontal,1,RH
17,VisEvSem,1.501918,1.207865,0.322815,E3,MD,H>E,ProdLoc_typed,midFrontal,1,RH
18,SProd,0.711792,1.217438,0.325374,E3,MD,H>E,ProdLoc_typed,midFrontalOrb,1,RH
18,WProd,1.014362,1.484082,0.396638,E3,MD,H>E,ProdLoc_typed,midFrontalOrb,1,RH
18,SComp,-0.171125,0.860862,0.230075,E3,MD,H>E,ProdLoc_typed,midFrontalOrb,1,RH
18,WComp,0.123032,0.570158,0.152381,E3,MD,H>E,ProdLoc_typed,midFrontalOrb,1,RH
18,NProd,0.887289,1.441941,0.385375,E3,MD,H>E,ProdLoc_typed,midFrontalOrb,1,RH
18,VisEvSem,1.277054,1.276062,0.341042,E3,MD,H>E,ProdLoc_typed,midFrontalOrb,1,RH
19,SProd,0.84138,0.963172,0.257418,E3,MD,H>E,ProdLoc_typed,insula,1,RH
19,WProd,0.883698,0.96713,0.258476,E3,MD,H>E,ProdLoc_typed,insula,1,RH
19,SComp,-0.103512,0.624439,0.166888,E3,MD,H>E,ProdLoc_typed,insula,1,RH
19,WComp,-5.93e-4,0.510262,0.136373,E3,MD,H>E,ProdLoc_typed,insula,1,RH
19,NProd,0.784914,0.987277,0.263861,E3,MD,H>E,ProdLoc_typed,insula,1,RH
19,VisEvSem,0.899003,0.850402,0.227279,E3,MD,H>E,ProdLoc_typed,insula,1,RH
20,SProd,0.967652,1.005201,0.268651,E3,MD,H>E,ProdLoc_typed,medialFrontal,1,RH
20,WProd,0.886763,0.772609,0.206488,E3,MD,H>E,ProdLoc_typed,medialFrontal,1,RH
20,SComp,-0.184849,0.734449,0.19629,E3,MD,H>E,ProdLoc_typed,medialFrontal,1,RH
20,WComp,-0.007821,0.582412,0.155656,E3,MD,H>E,ProdLoc_typed,medialFrontal,1,RH
20,NProd,0.704473,0.991615,0.26502,E3,MD,H>E,ProdLoc_typed,medialFrontal,1,RH
20,VisEvSem,1.176872,0.946392,0.252934,E3,MD,H>E,ProdLoc_typed,medialFrontal,1,RH
1,H,3.899409,2.050495,0.618248,E2,MD,H>E,spWM,PostParietal,0,LH
1,E,2.894774,1.361142,0.4104,E2,MD,H>E,spWM,PostParietal,0,LH
2,H,3.505442,2.139463,0.645072,E2,MD,H>E,spWM,midParietal,0,LH
2,E,2.402656,1.589955,0.47939,E2,MD,H>E,spWM,midParietal,0,LH
3,H,2.653903,1.183506,0.356841,E2,MD,H>E,spWM,antParietal,0,LH
3,E,1.81289,0.869292,0.262101,E2,MD,H>E,spWM,antParietal,0,LH
4,H,2.390949,0.735811,0.221855,E2,MD,H>E,spWM,supFrontal,0,LH
4,E,1.600135,0.723137,0.218034,E2,MD,H>E,spWM,supFrontal,0,LH
5,H,2.710585,1.021595,0.308022,E2,MD,H>E,spWM,Precentral_A_PrecG,0,LH
5,E,1.841959,0.551585,0.166309,E2,MD,H>E,spWM,Precentral_A_PrecG,0,LH
6,H,2.162453,1.075658,0.324323,E2,MD,H>E,spWM,Precentral_B_IFGop,0,LH
6,E,1.373628,0.589753,0.177817,E2,MD,H>E,spWM,Precentral_B_IFGop,0,LH
7,H,2.182497,1.210043,0.364842,E2,MD,H>E,spWM,midFrontal,0,LH
7,E,1.101942,0.507064,0.152886,E2,MD,H>E,spWM,midFrontal,0,LH
8,H,2.310622,1.445757,0.435912,E2,MD,H>E,spWM,midFrontalOrb,0,LH
8,E,0.859549,1.166844,0.351817,E2,MD,H>E,spWM,midFrontalOrb,0,LH
9,H,1.478304,0.752762,0.226966,E2,MD,H>E,spWM,insula,0,LH
9,E,0.834529,0.404864,0.122071,E2,MD,H>E,spWM,insula,0,LH
10,H,1.487058,0.436822,0.131707,E2,MD,H>E,spWM,medialFrontal,0,LH
10,E,0.80689,0.423151,0.127585,E2,MD,H>E,spWM,medialFrontal,0,LH
11,H,3.884686,1.753375,0.528663,E2,MD,H>E,spWM,PostParietal,0,RH
11,E,2.858376,1.047802,0.315924,E2,MD,H>E,spWM,PostParietal,0,RH
12,H,3.235674,1.973502,0.595033,E2,MD,H>E,spWM,midParietal,0,RH
12,E,2.049812,1.301453,0.392403,E2,MD,H>E,spWM,midParietal,0,RH
13,H,3.110036,1.393785,0.420242,E2,MD,H>E,spWM,antParietal,0,RH
13,E,2.013009,0.836832,0.252314,E2,MD,H>E,spWM,antParietal,0,RH
14,H,2.613803,0.813801,0.24537,E2,MD,H>E,spWM,supFrontal,0,RH
14,E,1.58838,0.485959,0.146522,E2,MD,H>E,spWM,supFrontal,0,RH
15,H,3.016322,1.722468,0.519344,E2,MD,H>E,spWM,Precentral_A_PrecG,0,RH
15,E,2.004218,1.236066,0.372688,E2,MD,H>E,spWM,Precentral_A_PrecG,0,RH
16,H,3.209531,1.843489,0.555833,E2,MD,H>E,spWM,Precentral_B_IFGop,0,RH
16,E,1.997989,1.124191,0.338956,E2,MD,H>E,spWM,Precentral_B_IFGop,0,RH
17,H,2.750926,1.405819,0.42387,E2,MD,H>E,spWM,midFrontal,0,RH
17,E,1.422705,0.742523,0.223879,E2,MD,H>E,spWM,midFrontal,0,RH
18,H,2.504973,1.347938,0.406419,E2,MD,H>E,spWM,midFrontalOrb,0,RH
18,E,0.868053,0.79208,0.238821,E2,MD,H>E,spWM,midFrontalOrb,0,RH
19,H,1.598377,0.851072,0.256608,E2,MD,H>E,spWM,insula,0,RH
19,E,0.838647,0.430018,0.129655,E2,MD,H>E,spWM,insula,0,RH
20,H,2.070104,0.676544,0.203986,E2,MD,H>E,spWM,medialFrontal,0,RH
20,E,1.038294,0.578358,0.174382,E2,MD,H>E,spWM,medialFrontal,0,RH
1,WProd,1.768686,1.505169,0.453825,E2,MD,H>E,NameRead,PostParietal,0,LH
1,SProd,1.490213,1.16031,0.349847,E2,MD,H>E,NameRead,PostParietal,0,LH
2,WProd,0.3481,1.093416,0.329677,E2,MD,H>E,NameRead,midParietal,0,LH
2,SProd,0.542168,0.876962,0.264414,E2,MD,H>E,NameRead,midParietal,0,LH
3,WProd,0.262428,0.6919,0.208616,E2,MD,H>E,NameRead,antParietal,0,LH
3,SProd,0.43836,0.632264,0.190635,E2,MD,H>E,NameRead,antParietal,0,LH
4,WProd,0.682369,0.78173,0.235701,E2,MD,H>E,NameRead,supFrontal,0,LH
4,SProd,0.482581,0.733991,0.221307,E2,MD,H>E,NameRead,supFrontal,0,LH
5,WProd,1.644533,1.507182,0.454433,E2,MD,H>E,NameRead,Precentral_A_PrecG,0,LH
5,SProd,1.343253,1.39262,0.419891,E2,MD,H>E,NameRead,Precentral_A_PrecG,0,LH
6,WProd,1.381934,2.043584,0.616164,E2,MD,H>E,NameRead,Precentral_B_IFGop,0,LH
6,SProd,1.178043,1.843151,0.555731,E2,MD,H>E,NameRead,Precentral_B_IFGop,0,LH
7,WProd,1.134032,1.120241,0.337766,E2,MD,H>E,NameRead,midFrontal,0,LH
7,SProd,1.007245,1.298553,0.391528,E2,MD,H>E,NameRead,midFrontal,0,LH
8,WProd,0.832066,2.107664,0.635484,E2,MD,H>E,NameRead,midFrontalOrb,0,LH
8,SProd,0.518098,1.570394,0.473492,E2,MD,H>E,NameRead,midFrontalOrb,0,LH
9,WProd,1.500137,0.846801,0.25532,E2,MD,H>E,NameRead,insula,0,LH
9,SProd,1.174735,0.735199,0.221671,E2,MD,H>E,NameRead,insula,0,LH
10,WProd,1.251493,1.449765,0.437121,E2,MD,H>E,NameRead,medialFrontal,0,LH
10,SProd,1.039558,1.42749,0.430404,E2,MD,H>E,NameRead,medialFrontal,0,LH
11,WProd,1.66297,0.736586,0.222089,E2,MD,H>E,NameRead,PostParietal,0,RH
11,SProd,1.170958,0.712768,0.214908,E2,MD,H>E,NameRead,PostParietal,0,RH
12,WProd,-0.06646,1.077777,0.324962,E2,MD,H>E,NameRead,midParietal,0,RH
12,SProd,-0.087373,1.024139,0.30879,E2,MD,H>E,NameRead,midParietal,0,RH
13,WProd,-0.188953,0.663521,0.200059,E2,MD,H>E,NameRead,antParietal,0,RH
13,SProd,-0.303219,0.700069,0.211079,E2,MD,H>E,NameRead,antParietal,0,RH
14,WProd,0.688431,0.750277,0.226217,E2,MD,H>E,NameRead,supFrontal,0,RH
14,SProd,0.188172,0.882536,0.266095,E2,MD,H>E,NameRead,supFrontal,0,RH
15,WProd,1.244232,1.321133,0.398337,E2,MD,H>E,NameRead,Precentral_A_PrecG,0,RH
15,SProd,0.98365,1.254204,0.378157,E2,MD,H>E,NameRead,Precentral_A_PrecG,0,RH
16,WProd,0.717702,2.203828,0.664479,E2,MD,H>E,NameRead,Precentral_B_IFGop,0,RH
16,SProd,0.605405,1.966374,0.592884,E2,MD,H>E,NameRead,Precentral_B_IFGop,0,RH
17,WProd,1.003013,0.876137,0.264165,E2,MD,H>E,NameRead,midFrontal,0,RH
17,SProd,0.198521,1.353163,0.407994,E2,MD,H>E,NameRead,midFrontal,0,RH
18,WProd,0.78373,1.393879,0.42027,E2,MD,H>E,NameRead,midFrontalOrb,0,RH
18,SProd,-0.237251,1.414492,0.426485,E2,MD,H>E,NameRead,midFrontalOrb,0,RH
19,WProd,1.442987,0.829963,0.250243,E2,MD,H>E,NameRead,insula,0,RH
19,SProd,0.831682,0.742759,0.22395,E2,MD,H>E,NameRead,insula,0,RH
20,WProd,1.12185,1.529906,0.461284,E2,MD,H>E,NameRead,medialFrontal,0,RH
20,SProd,0.582324,1.437196,0.433331,E2,MD,H>E,NameRead,medialFrontal,0,RH
1,SProd,2.774552,1.944968,0.519814,E1,lowlevel_speaking,NProd>Fix,ProdLoc_spoken,1,1,LH
1,VisEvSem,0.876868,1.4747,0.39413,E1,lowlevel_speaking,NProd>Fix,ProdLoc_spoken,1,1,LH
1,WProd,3.493139,2.266481,0.605742,E1,lowlevel_speaking,NProd>Fix,ProdLoc_spoken,1,1,LH
1,SComp,1.182915,1.119461,0.299188,E1,lowlevel_speaking,NProd>Fix,ProdLoc_spoken,1,1,LH
1,WComp,1.272694,1.276381,0.341127,E1,lowlevel_speaking,NProd>Fix,ProdLoc_spoken,1,1,LH
1,NProd,4.292979,2.502699,0.668874,E1,lowlevel_speaking,NProd>Fix,ProdLoc_spoken,1,1,LH
3,SProd,2.195063,1.863774,0.498115,E1,lowlevel_speaking,NProd>Fix,ProdLoc_spoken,3,1,LH
3,VisEvSem,0.697977,1.138651,0.304317,E1,lowlevel_speaking,NProd>Fix,ProdLoc_spoken,3,1,LH
3,WProd,2.823417,2.221193,0.593639,E1,lowlevel_speaking,NProd>Fix,ProdLoc_spoken,3,1,LH
3,SComp,0.656711,0.610039,0.16304,E1,lowlevel_speaking,NProd>Fix,ProdLoc_spoken,3,1,LH
3,WComp,0.918043,1.158999,0.309756,E1,lowlevel_speaking,NProd>Fix,ProdLoc_spoken,3,1,LH
3,NProd,3.641528,2.36341,0.631648,E1,lowlevel_speaking,NProd>Fix,ProdLoc_spoken,3,1,LH
4,SProd,2.418106,1.75669,0.469495,E1,lowlevel_speaking,NProd>Fix,ProdLoc_spoken,4,1,RH
4,VisEvSem,0.408013,1.558908,0.416636,E1,lowlevel_speaking,NProd>Fix,ProdLoc_spoken,4,1,RH
4,WProd,2.935716,2.084907,0.557215,E1,lowlevel_speaking,NProd>Fix,ProdLoc_spoken,4,1,RH
4,SComp,0.623007,1.231151,0.329039,E1,lowlevel_speaking,NProd>Fix,ProdLoc_spoken,4,1,RH
4,WComp,0.924455,1.533299,0.409791,E1,lowlevel_speaking,NProd>Fix,ProdLoc_spoken,4,1,RH
4,NProd,3.7749,2.34074,0.625589,E1,lowlevel_speaking,NProd>Fix,ProdLoc_spoken,4,1,RH
1,SProd,1.604947,0.812238,0.21708,E1,lowlevel_speaking,NProd>Fix,ProdLoc_typed,1,1,LH
1,VisEvSem,0.781315,0.555519,0.148469,E1,lowlevel_speaking,NProd>Fix,ProdLoc_typed,1,1,LH
1,WProd,1.502864,0.865379,0.231282,E1,lowlevel_speaking,NProd>Fix,ProdLoc_typed,1,1,LH
1,SComp,0.829183,0.531287,0.141993,E1,lowlevel_speaking,NProd>Fix,ProdLoc_typed,1,1,LH
1,WComp,0.998412,0.531091,0.14194,E1,lowlevel_speaking,NProd>Fix,ProdLoc_typed,1,1,LH
1,NProd,1.834367,0.955489,0.255365,E1,lowlevel_speaking,NProd>Fix,ProdLoc_typed,1,1,LH
3,SProd,1.252102,1.033092,0.276105,E1,lowlevel_speaking,NProd>Fix,ProdLoc_typed,3,1,LH
3,VisEvSem,0.737543,1.036234,0.276945,E1,lowlevel_speaking,NProd>Fix,ProdLoc_typed,3,1,LH
3,WProd,1.185125,1.275893,0.340997,E1,lowlevel_speaking,NProd>Fix,ProdLoc_typed,3,1,LH
3,SComp,0.401579,0.72363,0.193398,E1,lowlevel_speaking,NProd>Fix,ProdLoc_typed,3,1,LH
3,WComp,0.553806,0.679008,0.181472,E1,lowlevel_speaking,NProd>Fix,ProdLoc_typed,3,1,LH
3,NProd,1.490351,1.106078,0.295612,E1,lowlevel_speaking,NProd>Fix,ProdLoc_typed,3,1,LH
4,SProd,0.750465,0.660737,0.176589,E1,lowlevel_speaking,NProd>Fix,ProdLoc_typed,4,1,RH
4,VisEvSem,0.64189,0.629021,0.168113,E1,lowlevel_speaking,NProd>Fix,ProdLoc_typed,4,1,RH
4,WProd,0.725127,0.727139,0.194336,E1,lowlevel_speaking,NProd>Fix,ProdLoc_typed,4,1,RH
4,SComp,0.471983,0.649993,0.173718,E1,lowlevel_speaking,NProd>Fix,ProdLoc_typed,4,1,RH
4,WComp,0.615812,0.611924,0.163544,E1,lowlevel_speaking,NProd>Fix,ProdLoc_typed,4,1,RH
4,NProd,0.879266,0.996219,0.266251,E1,lowlevel_speaking,NProd>Fix,ProdLoc_typed,4,1,RH
5,SProd,0.561008,1.047452,0.279943,E3,lowlevel_typing,NProd>Fix,ProdLoc_spoken,5,1,RH
5,VisEvSem,0.109781,1.20775,0.322785,E3,lowlevel_typing,NProd>Fix,ProdLoc_spoken,5,1,RH
5,WProd,0.996457,1.091986,0.291846,E3,lowlevel_typing,NProd>Fix,ProdLoc_spoken,5,1,RH
5,SComp,0.218578,0.580678,0.155193,E3,lowlevel_typing,NProd>Fix,ProdLoc_spoken,5,1,RH
5,WComp,0.452148,0.791323,0.21149,E3,lowlevel_typing,NProd>Fix,ProdLoc_spoken,5,1,RH
5,NProd,1.376158,1.285113,0.343461,E3,lowlevel_typing,NProd>Fix,ProdLoc_spoken,5,1,RH
10,SProd,-0.043911,0.859998,0.229844,E3,lowlevel_typing,NProd>Fix,ProdLoc_spoken,10,1,LH
10,VisEvSem,0.952526,1.025003,0.273944,E3,lowlevel_typing,NProd>Fix,ProdLoc_spoken,10,1,LH
10,WProd,0.12375,0.819482,0.219016,E3,lowlevel_typing,NProd>Fix,ProdLoc_spoken,10,1,LH
10,SComp,0.112489,0.583591,0.155971,E3,lowlevel_typing,NProd>Fix,ProdLoc_spoken,10,1,LH
10,WComp,0.165266,0.581724,0.155472,E3,lowlevel_typing,NProd>Fix,ProdLoc_spoken,10,1,LH
10,NProd,0.119178,0.936137,0.250193,E3,lowlevel_typing,NProd>Fix,ProdLoc_spoken,10,1,LH
23,SProd,-0.465906,1.103132,0.294824,E3,lowlevel_typing,NProd>Fix,ProdLoc_spoken,23,1,LH
23,VisEvSem,1.042256,1.334658,0.356702,E3,lowlevel_typing,NProd>Fix,ProdLoc_spoken,23,1,LH
23,WProd,-0.158578,1.016088,0.271561,E3,lowlevel_typing,NProd>Fix,ProdLoc_spoken,23,1,LH
23,SComp,0.117622,0.564843,0.150961,E3,lowlevel_typing,NProd>Fix,ProdLoc_spoken,23,1,LH
23,WComp,0.06715,0.500568,0.133782,E3,lowlevel_typing,NProd>Fix,ProdLoc_spoken,23,1,LH
23,NProd,-0.183705,1.100815,0.294205,E3,lowlevel_typing,NProd>Fix,ProdLoc_spoken,23,1,LH
27,SProd,-0.085017,0.68093,0.181986,E3,lowlevel_typing,NProd>Fix,ProdLoc_spoken,27,1,RH
27,VisEvSem,-0.010366,0.56925,0.152139,E3,lowlevel_typing,NProd>Fix,ProdLoc_spoken,27,1,RH
27,WProd,0.144635,0.764706,0.204376,E3,lowlevel_typing,NProd>Fix,ProdLoc_spoken,27,1,RH
27,SComp,0.054961,0.417274,0.111521,E3,lowlevel_typing,NProd>Fix,ProdLoc_spoken,27,1,RH
27,WComp,0.219819,0.592845,0.158444,E3,lowlevel_typing,NProd>Fix,ProdLoc_spoken,27,1,RH
27,NProd,0.430354,1.154864,0.30865,E3,lowlevel_typing,NProd>Fix,ProdLoc_spoken,27,1,RH
30,SProd,0.001113,1.106387,0.295694,E3,lowlevel_typing,NProd>Fix,ProdLoc_spoken,30,1,LH
30,VisEvSem,0.613122,0.713636,0.190727,E3,lowlevel_typing,NProd>Fix,ProdLoc_spoken,30,1,LH
30,WProd,0.207069,1.068379,0.285536,E3,lowlevel_typing,NProd>Fix,ProdLoc_spoken,30,1,LH
30,SComp,0.142766,0.737454,0.197093,E3,lowlevel_typing,NProd>Fix,ProdLoc_spoken,30,1,LH
30,WComp,0.286717,0.498543,0.133241,E3,lowlevel_typing,NProd>Fix,ProdLoc_spoken,30,1,LH
30,NProd,0.468947,1.349372,0.360635,E3,lowlevel_typing,NProd>Fix,ProdLoc_spoken,30,1,LH
5,SProd,3.267058,1.758284,0.469921,E3,lowlevel_typing,NProd>Fix,ProdLoc_typed,5,1,RH
5,VisEvSem,2.208985,1.156672,0.309134,E3,lowlevel_typing,NProd>Fix,ProdLoc_typed,5,1,RH
5,WProd,3.657785,2.321127,0.620347,E3,lowlevel_typing,NProd>Fix,ProdLoc_typed,5,1,RH
5,SComp,0.023835,0.834289,0.222973,E3,lowlevel_typing,NProd>Fix,ProdLoc_typed,5,1,RH
5,WComp,0.362269,0.726337,0.194122,E3,lowlevel_typing,NProd>Fix,ProdLoc_typed,5,1,RH
5,NProd,4.100391,2.56394,0.685242,E3,lowlevel_typing,NProd>Fix,ProdLoc_typed,5,1,RH
10,SProd,3.790126,3.057655,0.817193,E3,lowlevel_typing,NProd>Fix,ProdLoc_typed,10,1,LH
10,VisEvSem,1.346104,2.690184,0.718982,E3,lowlevel_typing,NProd>Fix,ProdLoc_typed,10,1,LH
10,WProd,3.758306,3.018249,0.806661,E3,lowlevel_typing,NProd>Fix,ProdLoc_typed,10,1,LH
10,SComp,0.1296,0.830802,0.222041,E3,lowlevel_typing,NProd>Fix,ProdLoc_typed,10,1,LH
10,WComp,0.258622,0.780668,0.208642,E3,lowlevel_typing,NProd>Fix,ProdLoc_typed,10,1,LH
10,NProd,3.952561,3.452849,0.922813,E3,lowlevel_typing,NProd>Fix,ProdLoc_typed,10,1,LH
23,SProd,4.053733,3.567175,0.953368,E3,lowlevel_typing,NProd>Fix,ProdLoc_typed,23,1,LH
23,VisEvSem,1.691526,2.700776,0.721813,E3,lowlevel_typing,NProd>Fix,ProdLoc_typed,23,1,LH
23,WProd,4.130299,3.738823,0.999242,E3,lowlevel_typing,NProd>Fix,ProdLoc_typed,23,1,LH
23,SComp,-0.030833,1.146766,0.306486,E3,lowlevel_typing,NProd>Fix,ProdLoc_typed,23,1,LH
23,WComp,0.073969,0.867639,0.231886,E3,lowlevel_typing,NProd>Fix,ProdLoc_typed,23,1,LH
23,NProd,4.137722,3.715836,0.993099,E3,lowlevel_typing,NProd>Fix,ProdLoc_typed,23,1,LH
27,SProd,2.199725,1.520507,0.406373,E3,lowlevel_typing,NProd>Fix,ProdLoc_typed,27,1,RH
27,VisEvSem,1.831317,1.225879,0.32763,E3,lowlevel_typing,NProd>Fix,ProdLoc_typed,27,1,RH
27,WProd,2.45303,1.704062,0.45543,E3,lowlevel_typing,NProd>Fix,ProdLoc_typed,27,1,RH
27,SComp,-0.197882,0.88334,0.236083,E3,lowlevel_typing,NProd>Fix,ProdLoc_typed,27,1,RH
27,WComp,0.053306,0.70244,0.187735,E3,lowlevel_typing,NProd>Fix,ProdLoc_typed,27,1,RH
27,NProd,2.69423,2.099035,0.560991,E3,lowlevel_typing,NProd>Fix,ProdLoc_typed,27,1,RH
30,SProd,2.81246,1.660995,0.44392,E3,lowlevel_typing,NProd>Fix,ProdLoc_typed,30,1,LH
30,VisEvSem,1.730735,1.385205,0.370211,E3,lowlevel_typing,NProd>Fix,ProdLoc_typed,30,1,LH
30,WProd,2.80686,1.760819,0.470599,E3,lowlevel_typing,NProd>Fix,ProdLoc_typed,30,1,LH
30,SComp,0.147463,0.870926,0.232765,E3,lowlevel_typing,NProd>Fix,ProdLoc_typed,30,1,LH
30,WComp,0.283659,0.922366,0.246513,E3,lowlevel_typing,NProd>Fix,ProdLoc_typed,30,1,LH
30,NProd,2.988188,1.540557,0.411731,E3,lowlevel_typing,NProd>Fix,ProdLoc_typed,30,1,LH
